burnin,date,DMA,Ridge,ElasticNet,Combo,actual
60,2003-03-01,1.1206437049533717,1.1438239056594557,0.4130045362312529,0.7668241205923123,-1.5315919475834883
60,2003-04-01,-0.2971177669486781,-0.20166849978627036,-0.15439044233177562,-0.22575410464022685,-4.255883710198427
60,2003-05-01,0.14080270609329976,0.06439880550273779,-0.8695471869031911,-0.36437224040494565,3.599185453844389
60,2003-06-01,1.5807676537571729,1.6867486121575737,0.05015039370510689,0.8154590237311399,2.3842570284683173
60,2003-07-01,0.45339448934932364,1.3368255311520456,0.4192431986012907,0.4363188439753072,1.1323872338664165
60,2003-08-01,1.0983525098387934,1.9582125690438217,1.5151379788013548,1.3067452443200742,2.6114463492245443
60,2003-09-01,1.598174711562036,1.3842186726461223,1.582479992914816,1.5903273522384258,2.4255676431583995
60,2003-10-01,0.6667748715139618,0.6861546982648241,-0.10584225142331333,0.2804663100453242,7.449557063745904
60,2003-11-01,4.112466942872451,3.3482871044155336,2.1264511726895936,3.119459057781022,5.774207461720948
60,2003-12-01,1.7620850458135673,1.7779645986847643,0.489620796308462,1.1258529210610146,7.271462537815987
60,2004-01-01,3.6652607036765565,2.460087551093597,1.5243917509136455,2.5948262272951013,9.857833452970045
60,2004-02-01,1.4748177851412985,1.497982051899477,0.32054826834014205,0.8976830267407203,13.549387559681335
60,2004-03-01,6.853574488234457,4.446377743836223,3.788590126266854,5.321082307250656,8.22321094674443
60,2004-04-01,3.869671489836835,2.1834966629203114,2.064849170786961,2.9672603303118983,-3.4372459645596765
60,2004-05-01,-2.9837206524958026,-0.13446836615511426,-0.1943916341120847,-1.5890561433039436,-5.748829134741873
60,2004-06-01,0.16238125007390325,1.5178194785447787,1.3128334896658789,0.7376073698698911,-0.6557817058365112
60,2004-07-01,-0.21110175801584294,0.7273398978153407,0.7476012368551963,0.26824973941967667,4.275881881186927
60,2004-08-01,3.3101888655068583,2.9391109589070585,2.4236793031536803,2.8669340843302695,0.4598508641431298
60,2004-09-01,1.7765748409478652,0.9251555813845994,0.9061700180695743,1.3413724295087197,2.072082983872625
60,2004-10-01,4.54283148847256,3.4784862721725016,2.939362516098316,3.741097002285438,2.615280920247276
60,2004-11-01,2.876026080534927,1.6336182004082764,1.3728327789149115,2.1244294297249193,3.6672399039654247
60,2004-12-01,5.591554514594344,3.574867676854245,3.0504926979900646,4.321023606292204,0.8769223941387905
60,2005-01-01,2.1688350697373715,0.8327915559067081,0.8449484332240476,1.5068917514807096,0.179637679837219
60,2005-02-01,0.22528692082207535,1.3378802624088064,1.1331312748307447,0.67920909782641,2.6218262981168916
60,2005-03-01,3.6073900829572243,3.35340025372475,3.08746968140354,3.347429882180382,4.269751648745013
60,2005-04-01,-0.07059278211758149,-0.1635177583337022,-0.06664597726708799,-0.06861937969233474,0.05062036543292958
60,2005-05-01,0.31404924286526253,-0.8243062655284988,-0.6257128250417666,-0.15583179108825204,-3.935787354783238
60,2005-06-01,-0.5191005111406499,0.28940258075682346,0.3219801492832352,-0.09856018092870736,6.867090978678392
60,2005-07-01,2.7551574417351192,2.096290695866723,2.033549326344497,2.394353384039808,2.2913954015085336
60,2005-08-01,2.068461127882615,1.1187801998220035,1.180036157563146,1.6242486427228804,5.903191606502278
60,2005-09-01,2.7889818278624046,1.839965689422149,1.6685153171979303,2.2287485725301677,2.0864258091011667
60,2005-10-01,2.4404368297379246,1.034901282891333,1.2707615604756124,1.8555991951067685,6.293796559501641
60,2005-11-01,0.2251943673012701,-0.04648547988292506,0.02715189398459472,0.1261731306429324,4.963391555071728
60,2005-12-01,3.7757926245050437,2.099956486543622,1.9767204599396928,2.876256542222368,7.825518053748892
60,2006-01-01,3.6939719923873353,1.9571856429798524,1.9002007847413738,2.7970863885643547,3.9198454907747315
60,2006-02-01,4.931572613486324,3.923114256022645,3.55874673962761,4.245159676556967,5.313034956792295
60,2006-03-01,1.1112686296020249,0.06148961748463022,0.19019345670865584,0.6507310431553404,3.156574010615243
60,2006-04-01,3.4426725514795775,3.005731002259965,2.8400713801704582,3.1413719658250177,24.834625173321378
60,2006-05-01,11.285384159014002,5.825055718447621,5.37557237336555,8.330478266189775,25.643531225785953
60,2006-06-01,12.074821436043557,5.032123709013722,4.803903478475059,8.439362457259307,-10.110358584964851
60,2006-07-01,1.5429589917129474,0.5607053828484594,0.7285008564888975,1.1357299241009224,7.19766784162601
60,2006-08-01,3.286281876873148,2.41959963916563,2.275174987478971,2.7807284321760593,0.04610142229255487
60,2006-09-01,3.499487425111753,1.865182218198683,1.7965638278249898,2.6480256264683715,-0.9599498830076381
60,2006-10-01,-1.2778365111238723,0.033574220566289004,0.14964614807187582,-0.5640951815259982,-1.567296720352096
60,2006-11-01,8.484815489881719,3.3373663771652797,3.2148109318291525,5.8498132108554355,-5.906427993717922
60,2006-12-01,4.242208272736181,2.4095304251137084,2.1930079063052847,3.217608089520733,-5.496222724259258
60,2007-01-01,-0.8254626449003165,0.07445345808882409,0.13833503316629225,-0.34356380586701213,-13.762239156541668
60,2007-02-01,1.5640110579660134,0.29608539373965703,0.39823795299711495,0.9811245054815642,-0.026940034802647173
60,2007-03-01,4.224626464731782,2.6945710131983267,2.5203629919495,3.372494728340641,12.192449143564854
60,2007-04-01,9.33582070524511,4.402435137703711,4.175603554886274,6.755712130065692,19.30131910668351
60,2007-05-01,8.45025038393145,4.756235535440387,4.368976176739576,6.409613280335513,-0.41998197390729075
60,2007-06-01,8.473174186279762,2.674529335175194,2.6670860208156446,5.570130103547703,-2.4651698845730596
60,2007-07-01,6.034572675527663,2.5983684274039884,2.558174908439508,4.296373791983585,5.944490990616669
60,2007-08-01,6.300709955587028,2.641666899720363,2.5417174505721,4.421213703079564,-6.131265137428976
60,2007-09-01,0.13975067910562028,-2.6016397106710305,-1.9975057464987498,-0.9288775336965648,2.9037307225626696
60,2007-10-01,10.979943705433824,4.941741503231366,4.772370165816975,7.876156935625399,4.6256806095333225
60,2007-11-01,4.963164961001376,2.8062519111132813,2.8201423173593105,3.891653639180343,-12.726128918417135
60,2007-12-01,-3.171176118250351,-4.798133507010181,-3.977171927324733,-3.574174022787542,-4.195790730364113
60,2008-01-01,-0.4147632755288729,-1.7967197142124238,-1.392215575484042,-0.9034894255064574,5.863238437460128
60,2008-02-01,0.30106395260531393,-0.5453970743535494,-0.40910254826023507,-0.054019297827460566,11.717133570654692
60,2008-03-01,6.2506430473176025,4.237172613583588,4.141634778194719,5.196138912756161,5.1801623819417
60,2008-04-01,0.22998681095105983,-0.5980877260627304,-0.25409446464853724,-0.012053826848738708,3.7805932403926823
60,2008-05-01,3.7925257056521415,2.270420040286844,2.4585708082423428,3.1255482569472424,-4.135349799039522
60,2008-06-01,0.6209179313826915,0.17468157816831664,0.5634444560453182,0.5921811937140049,-1.0659874607340525
60,2008-07-01,0.0067601236075983985,-0.9809363884058895,-0.546274809000288,-0.2697573426963448,1.1790579327117579
60,2008-08-01,-0.3102460706559895,-1.0870707042644454,-0.9140251078810522,-0.6121355892685209,-8.434473355903261
60,2008-09-01,-2.228570121279997,-4.099917469542494,-3.2576641643480886,-2.743117142814043,-8.046665251860363
60,2008-10-01,-9.939642371858332,-11.505595066761646,-9.59376699821209,-9.766704685035211,-30.36389646512537
60,2008-11-01,-16.22774617771771,-19.91578512250742,-17.73149792635614,-16.979622052036923,-22.674322391890954
60,2008-12-01,-7.1760453578559105,-8.9249480115894,-8.431358084221714,-7.803701721038812,-17.353280524736913
60,2009-01-01,-11.520708725529529,-9.663685257518768,-8.097574127658529,-9.809141426594028,5.319170347219693
60,2009-02-01,-10.01812903959805,-8.442983523343777,-7.210624670501052,-8.614376855049551,2.654766716767587
60,2009-03-01,3.104708597139403,0.8175565746007312,0.8098597929632323,1.9572841950513176,13.046352058814016
60,2009-04-01,10.057856052775882,3.442344378443451,3.496383664885462,6.777119858830672,17.513213914937232
60,2009-05-01,10.74426604065839,6.012946139808135,5.940949057446921,8.342607549052655,3.301265455743363
60,2009-06-01,11.339213469806639,9.461719472294895,9.28398150421069,10.311597487008665,9.231270459417162
60,2009-07-01,2.691077783825178,2.6820335102775834,2.664325738844478,2.677701761334828,4.076495144928094
60,2009-08-01,7.793684384850689,4.368529780154052,4.319738950243686,6.056711667547187,18.38276632085507
60,2009-09-01,3.8340746486536235,2.451082825613285,2.434221965149529,3.1341483069015763,0.16587393935452166
60,2009-10-01,5.976014093890835,4.187925494485587,4.068163492371165,5.022088793131,1.836071942609574
60,2009-11-01,3.9421862337148585,3.547352577373819,3.5041702594631188,3.7231782465889887,6.0848254553186765
60,2009-12-01,9.365342888790055,7.0968920275432605,6.927561512597507,8.146452200693782,4.525251569495414
60,2010-01-01,2.414500215017747,0.77107165869748,0.7527528534717047,1.583626534244726,5.306813104740571
60,2010-02-01,-3.5598348190005353,-1.5586214624190926,-1.563825886408493,-2.561830352704514,-6.76242617662266
60,2010-03-01,4.4023392568344395,3.1708920685817006,3.1638064061392526,3.7830728314868463,8.860227247757901
60,2010-04-01,8.192995904692644,7.153115633724359,7.180512230132453,7.686754067412549,3.6286887793367084
60,2010-05-01,-0.5135155084010121,0.8647289962812108,0.7901955721370975,0.13834003186804267,-11.197955881545374
60,2010-06-01,-3.243572046859531,-1.870961967886073,-1.8956140075833972,-2.569593027221464,-5.423531318155728
60,2010-07-01,-3.7069810555239675,-2.33426376641455,-2.3313400456698057,-3.0191605505968866,3.710476048086786
60,2010-08-01,9.174026134343586,7.026525238962073,7.230464035172714,8.20224508475815,8.338225600705606
60,2010-09-01,1.2508852273960767,2.1363217508251866,2.09855541629175,1.6747203218439135,5.58871471817437
60,2010-10-01,9.45843973870976,7.767755276504783,7.845170208060178,8.65180497338497,7.335912671105382
60,2010-11-01,5.399458002436432,3.8907647160660415,3.8630214813439365,4.631239741890184,1.6985228358720406
60,2010-12-01,2.599917765798436,2.0835810779362363,2.1393530032244303,2.369635384511433,8.336895668956101
60,2011-01-01,8.26162630122519,6.843450637634775,6.949945944351681,7.605786122788436,4.241491099304162
60,2011-02-01,-0.5905116787604517,-0.7624512505308549,-0.7875500528057413,-0.6890308657830966,3.5959231785989143
60,2011-03-01,2.445451093763219,2.612142784051832,2.5864804193012136,2.515965756532216,-3.70947812009359
60,2011-04-01,2.4254151991211654,2.503616121535843,2.43101421664562,2.4282147078833924,-0.042176568916774126
60,2011-05-01,1.7245878166586803,2.4909735926216237,2.4840113102789485,2.1042995634688144,-5.6202700697432935
60,2011-06-01,-1.127698818486674,-1.179739234221513,-1.1507301535644925,-1.1392144860255833,1.1418218980814743
60,2011-07-01,1.1892710483604532,1.0947632971643466,1.0728844145131833,1.1310777314368181,6.495707653115068
60,2011-08-01,1.1917241029530736,1.9560177530234006,1.899143527068323,1.5454338150106983,-6.727154566759596
60,2011-09-01,-2.2974598782626683,-1.4431601851895959,-1.511642676461375,-1.9045512773620217,-7.704467066562382
60,2011-10-01,-10.736551562238983,-10.236164345991583,-9.946346233243295,-10.341448897741138,-10.993984056455897
60,2011-11-01,9.248096325784523,8.375216992266491,8.232664331109696,8.74038032844711,2.5862078918786002
60,2011-12-01,-0.38360341812747034,-0.7476365008689614,-0.6354728327955668,-0.5095381254615186,-0.21364274813283624
60,2012-01-01,-1.5243533721065308,-1.1131351525946223,-1.1176920363054983,-1.3210227042060145,6.15341278696484
60,2012-02-01,8.208315413339148,7.657929561665766,7.511990499188432,7.86015295626379,5.003418978556451
60,2012-03-01,0.8250041641544099,2.257814708380459,2.1337522159953877,1.4793781900748988,0.11961066291945599
60,2012-04-01,-0.5240882279636234,-0.39061731969050006,-0.551084833949097,-0.5375865309563602,-2.58012548410832
60,2012-05-01,1.3185708123419737,1.9921055009135205,1.8933516173921716,1.6059612148670728,-4.514040666505581
60,2012-06-01,-4.4596315034442116,-5.719149996996289,-5.798020494061092,-5.128825998752651,-5.557021622671265
60,2012-07-01,0.8783947469264759,1.6131168775785265,1.5355894780603914,1.2069921124934337,2.1628370138445208
60,2012-08-01,1.004539716344497,2.09177815270491,2.0368200405264716,1.5206798784354842,-0.904260258634626
60,2012-09-01,1.0802376645392149,0.9243303471803872,0.9065822576534565,0.9934099610963356,7.5441323084773915
60,2012-10-01,3.489373649401827,3.454630122824049,3.4027915597429157,3.4460826045723714,-0.33940026161006775
60,2012-11-01,0.779557098328343,1.1085819484626,0.958001766175447,0.8687794322518949,-4.3079927337777875
60,2012-12-01,0.2092789428819139,0.7809102021094043,0.6302431489378472,0.4197610459098805,3.2188126406837103
60,2013-01-01,0.9943126015657962,1.0392459932608542,1.0234950479866003,1.008903824776198,1.2906212996791844
60,2013-02-01,1.3052499945325462,1.8082498617986893,1.62401843607357,1.4646342153030583,0.21804130020457446
60,2013-03-01,-1.2423700662705588,-1.3384031288828702,-1.413655538007839,-1.3280128021391988,-5.2101323189349795
60,2013-04-01,-2.2031443545471188,-2.20111735984888,-2.242269147270572,-2.2227067509088454,-5.329308295250645
60,2013-05-01,-1.3629637700152,-1.2417178820112957,-1.38811323101801,-1.375538500516605,0.18452565065616433
60,2013-06-01,1.1997070014074702,-0.4111635040131316,-0.44883225627447243,0.3754373725664989,-3.398862776300726
60,2013-07-01,-2.7483379437502866,-1.986723464124176,-2.1878496614356457,-2.468093802592966,-1.4559368767931957
60,2013-08-01,2.7054809704150413,2.8577875990886286,2.903206827689977,2.804343899052509,4.2003723336021315
60,2013-09-01,1.8656745994600104,2.5116301754387678,2.4509863531340423,2.158330476297026,-0.572000088759661
60,2013-10-01,2.6882080658843464,4.243911343470596,3.993710480088135,3.3409592729862405,0.6631292440628211
60,2013-11-01,2.875092872774287,2.3879403125356315,2.3688579913076238,2.6219754320409554,-1.967500297054492
60,2013-12-01,0.11549068105979561,0.2625383562760788,0.22722308961298887,0.17135688533639223,2.002901345700625
60,2014-01-01,2.7382811691189444,3.3857046484651936,3.30191819409024,3.0200996816045924,0.8437246364835449
60,2014-02-01,-1.0753150546232788,-1.4341872398201692,-1.440914203252115,-1.258114628937697,-2.1928349650066625
60,2014-03-01,1.287681088664583,2.2787267931466904,2.3232014944437394,1.8054412915541613,-6.672187715665978
60,2014-04-01,-0.19949399878186974,1.2154282761560733,1.1253753558377673,0.46294067852794873,0.44685358812193154
60,2014-05-01,0.9294103744505977,1.2952179869742135,1.3350259918809804,1.1322181831657891,2.6796962914771516
60,2014-06-01,0.2769079391009867,1.653903842459806,1.663619669372871,0.9702638042369289,-0.7752922598948109
60,2014-07-01,0.7596505114719777,1.336649031754832,1.4146163041455386,1.0871334078087582,4.583005227764092
60,2014-08-01,1.5028503634525634,1.5023406540886928,1.4665667293722118,1.4847085464123877,-1.700370122022088
60,2014-09-01,-1.8411864245245766,-1.74985316197679,-1.6993284398616422,-1.7702574321931093,-1.98632217928697
60,2014-10-01,-1.7144283447075888,-2.2403060012675517,-2.213383205508236,-1.9639057751079125,-2.14743838894097
60,2014-11-01,-1.1998630934147607,-0.11521965234124631,-0.14941240598115302,-0.6746377496979569,-0.45757252725633357
60,2014-12-01,-1.8699177856053522,-3.0159939757892955,-2.884557916212634,-2.377237850908993,-4.048790641958244
60,2015-01-01,-3.020117822644656,-3.5592590767346675,-3.409924982571174,-3.215021402607915,-9.046509195385589
60,2015-02-01,-5.0957597731267255,-5.701255091791707,-5.57447832648807,-5.335119049807398,-1.782599503144977
60,2015-03-01,2.9714864762303232,3.5372288716234337,3.2889765203852095,3.1302314983077664,3.630017804207508
60,2015-04-01,-2.3378602969131155,-2.1984155554795772,-2.0740530044914185,-2.2059566507022668,1.7699861841543152
60,2015-05-01,4.505448396572896,5.424088270281731,4.90252673485946,4.703987565716178,4.354734140597483
60,2015-06-01,-1.2463702884859074,-0.8273376402246633,-0.5992343931878643,-0.9228023408368858,-7.182308622589106
60,2015-07-01,-2.6840767401542713,-2.9794880623692084,-2.552247361079793,-2.618162050617032,-6.384810340897296
60,2015-08-01,-6.4561682574701225,-6.075973904401553,-5.321105060795527,-5.888636659132825,-6.234551623676888
60,2015-09-01,-3.2973411498313157,-2.9138483493243488,-2.6192917429204905,-2.9583164463759033,1.5683017038108593
60,2015-10-01,-1.5019187256340814,-1.357992609173586,-1.315997805171282,-1.4089582654026818,0.07447868001622115
60,2015-11-01,2.3343550551758283,3.257787270078215,3.1968385404956545,2.7655967978357414,-8.128975463934218
60,2015-12-01,-4.302261932442607,-6.202680004958083,-5.374229985382188,-4.838245958912397,-2.930031121986376
60,2016-01-01,-1.3673154245808627,-2.2266976599300965,-2.0151567788128895,-1.6912361016968762,-3.588452293304878
60,2016-02-01,-5.086532942461089,-5.8629167770505015,-5.304152149283689,-5.195342545872389,2.5002660495316853
60,2016-03-01,3.6865591249292775,6.713806710498806,6.81835864495496,5.2524588849421185,7.586122051937405
60,2016-04-01,2.2016320510701024,6.935766706891175,7.022397521740954,4.6120147864055285,-1.6430937320441652
60,2016-05-01,4.082371120910921,7.696622322302196,8.080832358623153,6.081601739767037,-3.2780722281288366
60,2016-06-01,-2.1298478889116645,-4.961463658036842,-4.612148249675658,-3.3709980692936616,-1.1181770944852065
60,2016-07-01,0.05187966772218772,1.9756391783065341,2.2610799563074524,1.15647981201482,4.882842567795853
60,2016-08-01,0.37206819331830493,1.0078175635755175,1.284832252727695,0.828450223023,-2.5603109367845156
60,2016-09-01,-1.4597839217629125,-3.3175310165778367,-3.0679229223232247,-2.2638534220430686,-0.35871949784082036
60,2016-10-01,0.7802694331564088,2.6180688229034823,3.1073842294828165,1.9438268313196128,0.1941271928797672
60,2016-11-01,0.34048702522947044,1.1074396688362327,1.2311553421442132,0.7858211836868418,14.970702706335315
60,2016-12-01,1.475451299003985,5.003001062736968,5.203385111949525,3.339418205476755,3.5283826159343334
60,2017-01-01,-0.33737836002279864,-0.04107254697264151,0.3591802905159353,0.010900965246568334,1.9891835659252788
60,2017-02-01,1.9889641560982982,5.469012373779582,4.879729983738947,3.4343470699186227,3.208255431072793
60,2017-03-01,-1.2900958966989684,-0.4628375782688845,-0.4259199183697965,-0.8580079075343825,-1.7413389723282546
60,2017-04-01,-0.48904077457754225,-1.1823942182587726,-0.945452210491398,-0.7172464925344701,-2.345892317355225
60,2017-05-01,0.37928956463436564,0.2021947889408694,0.16813707420320856,0.27371331941878707,-1.4286391880733662
60,2017-06-01,-0.37141256582351023,-0.8082800986115369,-0.7600317233638866,-0.5657221445936984,2.010517361164843
60,2017-07-01,0.6756331169446416,1.833350422820678,1.7276708239443908,1.201651970444516,4.723596694110643
60,2017-08-01,1.8219316121728486,4.678852032248278,4.661659387216176,3.241795499694512,8.415710046550352
60,2017-09-01,2.221014627395108,3.3427063451073047,3.3261466848622914,2.7735806561286998,1.329680496072383
60,2017-10-01,-0.33972097797764284,-0.37291411648861417,-0.43542376480529,-0.3875723713914664,3.5486699170302005
60,2017-11-01,1.0601702837013338,2.1268451176430436,2.2533203281774,1.6567453059393669,0.19994048719771396
60,2017-12-01,0.33214424342752613,1.7036967741405964,1.7459663660761646,1.0390553047518454,0.5360854985239083
60,2018-01-01,3.770550489762831,5.54437113241902,5.0685900919224895,4.41957029084266,3.0894556148358454
60,2018-02-01,0.6830126614030165,1.7993935950272326,2.0887365421802797,1.3858746017916481,-0.8068176709216224
60,2018-03-01,0.883578081991135,-0.47265240185124746,-0.3903818268895949,0.24659812755077004,-3.1480360142646435
60,2018-04-01,0.18091318981017893,-1.1110051280578839,-1.22334174580863,-0.5212142779992255,0.7948873587739547
60,2018-05-01,1.5275491384506714,3.094299183188749,2.5730921067114254,2.050320622581048,-0.3865150022863584
60,2018-06-01,0.4897314958795024,-0.03377028952325811,0.08372637158806417,0.2867289337337833,1.8000762900450828
60,2018-07-01,0.4364807458067221,0.9565066731154113,0.8925107404540166,0.6644957431303693,-10.03170981299969
60,2018-08-01,-0.8750841271117422,-0.08913530158658589,0.001996437621590519,-0.43654384474507585,-3.1156066185988873
60,2018-09-01,-2.3124709947165023,-3.3294175915560036,-3.2584726584814714,-2.785471826598987,-0.16347821519446804
60,2018-10-01,0.7870109255477709,3.106809081329026,2.777376473309764,1.7821936994287675,2.5047943028081
60,2018-11-01,-0.6497690327176519,-2.2315412191190402,-2.2917928888795673,-1.4707809607986095,-0.5929854462649709
60,2018-12-01,0.367299935205608,0.17415523812318456,0.0024651596376248364,0.18488254742161642,-1.6659118382114535
60,2019-01-01,0.13939697017239472,-1.0883125111220464,-1.1141109392096882,-0.48735698451864673,-1.8602663619042836
60,2019-02-01,2.8125907925894893,4.922533220467837,4.458250801471129,3.635420797030309,5.487118649997047
60,2019-03-01,1.0200982528707359,1.6088674468849824,1.8613155248170195,1.4407068888438777,2.0563673741645694
60,2019-04-01,0.23865402788469703,0.8892668496917241,1.0141680331701501,0.6264110305274235,0.4852737829687426
60,2019-05-01,-0.7943755335955306,0.43280288175215026,0.6748328620290736,-0.05977133578322852,-6.371320497736832
60,2019-06-01,-1.6277039863240694,-3.8210967068810286,-3.5537967943998585,-2.590750390361964,-2.3051804581623037
60,2019-07-01,1.0726477728163997,3.123408097599433,3.313169392106145,2.192908582461272,0.9037415364401724
60,2019-08-01,-2.2361766939183942,-1.9909768429056989,-1.7229774079218547,-1.9795770509201245,-3.8429820197835918
60,2019-09-01,-3.068455079110587,-3.4131669642344935,-3.065584293916471,-3.067019686513529,1.0676721999486993
60,2019-10-01,0.9435613976329768,1.7803889467122958,1.3615498325248356,1.1525556150789062,-0.10136493502367339
60,2019-11-01,0.15009169163983593,-0.2701880555306817,-0.25117458072977117,-0.05054144454496762,1.7148131951491008
60,2019-12-01,0.15545198955749867,1.2055800613724228,1.163467233826386,0.6594596116919423,3.8939635165023745
60,2020-01-01,2.9053870583879315,4.404651386797725,4.300054408543112,3.602720733465522,-0.8239022413464636
60,2020-02-01,-0.5199924380793469,-4.2319640375852705,-3.917560352587006,-2.2187763953331765,-5.929726997990681
60,2020-03-01,-1.6253136884357322,-3.590216744625994,-4.018303340132101,-2.8218085142839167,-8.902155071163186
60,2020-04-01,-7.072099761452205,-9.90819061353173,-9.143502896400765,-8.107801328926485,-2.3497404141019085
60,2020-05-01,1.9382979681351897,-1.7622999239880426,-1.7636096510130406,0.08734415856107458,3.7785043213031777
60,2020-06-01,3.1830940332276043,6.4561861950775326,6.830916605730331,5.007005319478967,9.669906211163482
60,2020-07-01,-1.2711148400503938,4.472785562697983,4.08897340316533,1.408929281557468,10.445256735740948
60,2020-08-01,4.275661915129486,6.0364785900925915,6.205588755704361,5.240625335416924,2.004757957295955
60,2020-09-01,2.1740009654799075,2.7455755168519054,2.6451731780882355,2.4095870717840713,2.943792398542344
60,2020-10-01,-0.9987474799515763,-1.09409381668095,-0.45308086246283796,-0.7259141712072071,0.5249072114352327
60,2020-11-01,-0.3105441019119676,0.0649100446116262,-0.04166725358533108,-0.17610567774864933,5.211137804576582
60,2020-12-01,6.453588608294458,6.730395131117893,6.6126585558495385,6.533123582071998,10.028325547918659
60,2021-01-01,5.051158254948866,6.118775179475473,6.560918120831967,5.806038187890416,2.3318621264709627
60,2021-02-01,0.44098078787864226,0.7785895912428127,1.2795775417626147,0.8602791648206285,6.089184430356043
60,2021-03-01,5.7122676783510915,4.473969239610432,5.316287724183046,5.514277701267069,6.263654009791431
60,2021-04-01,0.4902856968544316,0.8953241301573962,0.07495461141320403,0.2826201541338178,3.232508257525768
60,2021-05-01,3.2934810322418757,3.3739974215156785,3.6812057121614954,3.4873433722016856,9.603548651374538
60,2021-06-01,3.017870648082743,2.4384527196792565,2.9616130205077686,2.9897418342952555,-5.030866698031389
60,2021-07-01,-0.3923037740213474,-0.8932787851700622,-1.2267567591620852,-0.8095302665917163,-1.9243650127050649
60,2021-08-01,0.9076904423475486,0.7360900992339952,0.5981911209147857,0.7529407816311671,-0.9278757032748941
60,2021-09-01,-1.3183511791163125,-1.2439902493622728,-1.9828865044721686,-1.6506188417942407,-0.563033721158468
60,2021-10-01,-0.4851575315091199,-1.1831600550566619,-1.8402688065383512,-1.1627131690237356,3.661634719856588
60,2021-11-01,1.6592350496880224,2.3719713803201725,2.6515542680220654,2.1553946588550437,-0.4256084640973379
60,2021-12-01,0.08408992922591157,0.05080277419440993,-0.07798679643183526,0.003051566397038158,-0.7526401705700181
60,2022-01-01,2.8211145237379003,2.4345378489378953,2.50772582590761,2.664420174822755,2.288642870857416
60,2022-02-01,1.4615788499365923,2.1242036613627437,3.0959999321126994,2.2787893910246457,1.582129390506526
60,2022-03-01,4.277912410530384,4.425221922423447,4.617326458358913,4.447619434444649,3.2286018398459237
60,2022-04-01,3.213989584419086,4.344234249441454,4.5060519916053146,3.8600207880122004,-0.6361303460405754
60,2022-05-01,-2.0757627592170294,-2.901694759811062,-2.9135649992848354,-2.4946638792509326,-7.832642124866728
60,2022-06-01,0.28132418490624045,1.4747036259261361,1.563015120218096,0.9221696525621682,-3.334996343655372
60,2022-07-01,-4.170229633565798,-3.4373943361343087,-3.6458885923764917,-3.908059112971145,-16.64833160352147
60,2022-08-01,-0.14001300779309855,-0.11840045039010594,-0.4255468481727017,-0.28277992798290014,5.6880028299651775
60,2022-09-01,-1.3580487723856942,0.9311527795806238,1.1192938915638069,-0.11937744041094367,-3.6121294472092336
60,2022-10-01,-4.779317356501943,-2.675444932686498,-2.7501941216008152,-3.7647557390513793,-1.0903452545202308
60,2022-11-01,2.01484970059324,2.9863975611916977,3.0094102904734696,2.512129995533355,5.849597370035298
60,2022-12-01,6.785600202810178,8.301536969935729,8.709589003737818,7.747594603273998,4.097571217588358
60,2023-01-01,0.6641974899342927,1.5042291882565366,1.8047986593566634,1.2344980746454781,7.542510854526041
60,2023-02-01,5.007769419832303,5.005708220777598,5.284231884243314,5.1460006520378085,-0.8672693366486128
60,2023-03-01,-1.8485867014778452,-1.478469466151966,-1.7395381179170215,-1.7940624096974334,-0.9269078352832749
60,2023-04-01,0.3465960410621882,1.4991783942458308,1.4620561677183255,0.9043261043902568,-0.5639396868381552
60,2023-05-01,-1.4808088048975636,-0.555982245869874,-0.8180008496165352,-1.1494048272570494,-6.171024384864121
60,2023-06-01,-3.1286331702692327,-2.0139477300618718,-2.4656840833763374,-2.7971586268227853,1.53852568716224
60,2023-07-01,3.0897541731316744,3.0041461774371836,3.210928405144462,3.150341289138068,1.2064604157138392
60,2023-08-01,1.0140517160298637,1.925416575795837,1.912318944633225,1.4631853303315443,-1.4214685188526088
60,2023-09-01,-1.7995898762512486,-1.2424101934280172,-1.4335585152647325,-1.6165741957579907,-0.8272396518963943
60,2023-10-01,-0.2122188769297348,-0.3532514687066335,-0.41688999507709257,-0.3145544360034137,-3.808177420991876
60,2023-11-01,-1.9269313414877984,-0.9784119335912042,-1.2272823162311424,-1.5771068288594705,3.1934992430812326
60,2023-12-01,2.1417085007116254,3.245629368680425,3.1967677743857763,2.669238137548701,2.685330344491299
60,2024-01-01,2.466518685586305,2.407905380683609,2.418037817948905,2.442278251767605,-0.6255566422343817
60,2024-02-01,-2.2906559979960424,-1.599879565696766,-1.9463118654591272,-2.1184839317275848,-0.5111972863475867
60,2024-03-01,-1.172485279868285,-0.4929761258673535,-0.9010362782291432,-1.036760779048714,4.607711555138749
60,2024-04-01,2.3932463831009665,2.781500851514931,2.843795255801323,2.6185208194511445,8.675968670140243
60,2024-05-01,1.8684744052179638,1.8766964166408127,2.253686152565296,2.06108027889163,7.007376595906312
60,2024-06-01,3.126678668541947,3.2143232920419,3.266135168351414,3.1964069184466806,-4.491303609577068
60,2024-07-01,-0.8984287738013195,-1.3606891447521234,-1.7929277180538006,-1.34567824592756,-2.5718027332092497
60,2024-08-01,-0.8718809851793972,-1.18274057666578,-1.4784089067195532,-1.1751449459494752,-4.42306635721621
60,2024-09-01,-0.24204901222968864,-0.2519554721405126,-0.49369259547768063,-0.36787080385368465,3.1226770284825456
60,2024-10-01,2.6567789037881155,2.9961544371968536,3.049141960584195,2.8529604321861552,3.0233287798065556
60,2024-11-01,-1.5618411628007658,-1.7476922462901179,-2.089513882890202,-1.825677522845484,-4.872862467249039
60,2024-12-01,0.027873285055205154,-0.4377391711889137,-0.8223660321404714,-0.39724637354263315,-1.8940191554308594
60,2025-01-01,-1.8428184085325527,-1.9738318842181592,-2.152651111390844,-1.9977347599616984,0.6906245740084804
60,2025-02-01,-0.07956564771810434,0.5416795210576052,0.43204346323367177,0.17623890775778372,3.648190167989962
60,2025-03-01,1.0773671662489126,1.2696530747918073,1.3584169395890457,1.2178920529189792,4.186263087614517
60,2025-04-01,1.46694165567213,1.580727232371798,1.79683944587388,1.6318905507730048,-5.828841254754469
60,2025-05-01,-1.3027496395789864,-1.0003939964580917,-1.2298179112818894,-1.266283775430438,3.597873638344229
60,2025-06-01,1.22280297026898,1.9616448616740212,1.9227142008913738,1.572758585580177,2.2169210407022133
60,2025-07-01,1.9632906610048908,2.383592916763495,2.437936903969268,2.2006137824870793,0.48904695728220204
60,2025-08-01,-0.21062508032253346,0.19069730828870102,-0.08901067283959108,-0.14981787658106227,-0.6364980559911637
60,2025-09-01,1.6511087360343748,1.6204571562325591,1.5710324391432033,1.611070587588789,3.211438834012559
60,2025-10-01,-0.14674956625989094,0.9850520517692822,0.7913029643583929,0.32227669904925094,7.078905173003802
60,2025-11-01,2.221405198758652,1.9179259632798147,2.089456382068132,2.155430790413392,0.7147605889717967
60,2025-12-01,1.2981462878788714,0.6798047568121351,0.5483834104161807,0.923264849147526,9.18493832155798
60,2026-01-01,3.7260306458628367,3.8402159801168234,4.214460161473418,3.970245403668127,9.799232982896022
60,2026-02-01,4.825706832192957,4.672719573111446,5.027560258424543,4.92663354530875,0.22101920836286038
84,2005-03-01,3.6073900829572243,3.35340025372475,3.08746968140354,3.347429882180382,4.269751648745013
84,2005-04-01,-0.07059278211758149,-0.1635177583337022,-0.06664597726708799,-0.06861937969233474,0.05062036543292958
84,2005-05-01,0.31404924286526253,-0.8243062655284988,-0.6257128250417666,-0.15583179108825204,-3.935787354783238
84,2005-06-01,-0.5191005111406499,0.28940258075682346,0.3219801492832352,-0.09856018092870736,6.867090978678392
84,2005-07-01,2.7551574417351192,2.096290695866723,2.033549326344497,2.394353384039808,2.2913954015085336
84,2005-08-01,2.068461127882615,1.1187801998220035,1.180036157563146,1.6242486427228804,5.903191606502278
84,2005-09-01,2.7889818278624046,1.839965689422149,1.6685153171979303,2.2287485725301677,2.0864258091011667
84,2005-10-01,2.4404368297379246,1.034901282891333,1.2707615604756124,1.8555991951067685,6.293796559501641
84,2005-11-01,0.2251943673012701,-0.04648547988292506,0.02715189398459472,0.1261731306429324,4.963391555071728
84,2005-12-01,3.7757926245050437,2.099956486543622,1.9767204599396928,2.876256542222368,7.825518053748892
84,2006-01-01,3.6939719923873353,1.9571856429798524,1.9002007847413738,2.7970863885643547,3.9198454907747315
84,2006-02-01,4.931572613486324,3.923114256022645,3.55874673962761,4.245159676556967,5.313034956792295
84,2006-03-01,1.1112686296020249,0.06148961748463022,0.19019345670865584,0.6507310431553404,3.156574010615243
84,2006-04-01,3.4426725514795775,3.005731002259965,2.8400713801704582,3.1413719658250177,24.834625173321378
84,2006-05-01,11.285384159014002,5.825055718447621,5.37557237336555,8.330478266189775,25.643531225785953
84,2006-06-01,12.074821436043557,5.032123709013722,4.803903478475059,8.439362457259307,-10.110358584964851
84,2006-07-01,1.5429589917129474,0.5607053828484594,0.7285008564888975,1.1357299241009224,7.19766784162601
84,2006-08-01,3.286281876873148,2.41959963916563,2.275174987478971,2.7807284321760593,0.04610142229255487
84,2006-09-01,3.499487425111753,1.865182218198683,1.7965638278249898,2.6480256264683715,-0.9599498830076381
84,2006-10-01,-1.2778365111238723,0.033574220566289004,0.14964614807187582,-0.5640951815259982,-1.567296720352096
84,2006-11-01,8.484815489881719,3.3373663771652797,3.2148109318291525,5.8498132108554355,-5.906427993717922
84,2006-12-01,4.242208272736181,2.4095304251137084,2.1930079063052847,3.217608089520733,-5.496222724259258
84,2007-01-01,-0.8254626449003165,0.07445345808882409,0.13833503316629225,-0.34356380586701213,-13.762239156541668
84,2007-02-01,1.5640110579660134,0.29608539373965703,0.39823795299711495,0.9811245054815642,-0.026940034802647173
84,2007-03-01,4.224626464731782,2.6945710131983267,2.5203629919495,3.372494728340641,12.192449143564854
84,2007-04-01,9.33582070524511,4.402435137703711,4.175603554886274,6.755712130065692,19.30131910668351
84,2007-05-01,8.45025038393145,4.756235535440387,4.368976176739576,6.409613280335513,-0.41998197390729075
84,2007-06-01,8.473174186279762,2.674529335175194,2.6670860208156446,5.570130103547703,-2.4651698845730596
84,2007-07-01,6.034572675527663,2.5983684274039884,2.558174908439508,4.296373791983585,5.944490990616669
84,2007-08-01,6.300709955587028,2.641666899720363,2.5417174505721,4.421213703079564,-6.131265137428976
84,2007-09-01,0.13975067910562028,-2.6016397106710305,-1.9975057464987498,-0.9288775336965648,2.9037307225626696
84,2007-10-01,10.979943705433824,4.941741503231366,4.772370165816975,7.876156935625399,4.6256806095333225
84,2007-11-01,4.963164961001376,2.8062519111132813,2.8201423173593105,3.891653639180343,-12.726128918417135
84,2007-12-01,-3.171176118250351,-4.798133507010181,-3.977171927324733,-3.574174022787542,-4.195790730364113
84,2008-01-01,-0.4147632755288729,-1.7967197142124238,-1.392215575484042,-0.9034894255064574,5.863238437460128
84,2008-02-01,0.30106395260531393,-0.5453970743535494,-0.40910254826023507,-0.054019297827460566,11.717133570654692
84,2008-03-01,6.2506430473176025,4.237172613583588,4.141634778194719,5.196138912756161,5.1801623819417
84,2008-04-01,0.22998681095105983,-0.5980877260627304,-0.25409446464853724,-0.012053826848738708,3.7805932403926823
84,2008-05-01,3.7925257056521415,2.270420040286844,2.4585708082423428,3.1255482569472424,-4.135349799039522
84,2008-06-01,0.6209179313826915,0.17468157816831664,0.5634444560453182,0.5921811937140049,-1.0659874607340525
84,2008-07-01,0.0067601236075983985,-0.9809363884058895,-0.546274809000288,-0.2697573426963448,1.1790579327117579
84,2008-08-01,-0.3102460706559895,-1.0870707042644454,-0.9140251078810522,-0.6121355892685209,-8.434473355903261
84,2008-09-01,-2.228570121279997,-4.099917469542494,-3.2576641643480886,-2.743117142814043,-8.046665251860363
84,2008-10-01,-9.939642371858332,-11.505595066761646,-9.59376699821209,-9.766704685035211,-30.36389646512537
84,2008-11-01,-16.22774617771771,-19.91578512250742,-17.73149792635614,-16.979622052036923,-22.674322391890954
84,2008-12-01,-7.1760453578559105,-8.9249480115894,-8.431358084221714,-7.803701721038812,-17.353280524736913
84,2009-01-01,-11.520708725529529,-9.663685257518768,-8.097574127658529,-9.809141426594028,5.319170347219693
84,2009-02-01,-10.01812903959805,-8.442983523343777,-7.210624670501052,-8.614376855049551,2.654766716767587
84,2009-03-01,3.104708597139403,0.8175565746007312,0.8098597929632323,1.9572841950513176,13.046352058814016
84,2009-04-01,10.057856052775882,3.442344378443451,3.496383664885462,6.777119858830672,17.513213914937232
84,2009-05-01,10.74426604065839,6.012946139808135,5.940949057446921,8.342607549052655,3.301265455743363
84,2009-06-01,11.339213469806639,9.461719472294895,9.28398150421069,10.311597487008665,9.231270459417162
84,2009-07-01,2.691077783825178,2.6820335102775834,2.664325738844478,2.677701761334828,4.076495144928094
84,2009-08-01,7.793684384850689,4.368529780154052,4.319738950243686,6.056711667547187,18.38276632085507
84,2009-09-01,3.8340746486536235,2.451082825613285,2.434221965149529,3.1341483069015763,0.16587393935452166
84,2009-10-01,5.976014093890835,4.187925494485587,4.068163492371165,5.022088793131,1.836071942609574
84,2009-11-01,3.9421862337148585,3.547352577373819,3.5041702594631188,3.7231782465889887,6.0848254553186765
84,2009-12-01,9.365342888790055,7.0968920275432605,6.927561512597507,8.146452200693782,4.525251569495414
84,2010-01-01,2.414500215017747,0.77107165869748,0.7527528534717047,1.583626534244726,5.306813104740571
84,2010-02-01,-3.5598348190005353,-1.5586214624190926,-1.563825886408493,-2.561830352704514,-6.76242617662266
84,2010-03-01,4.4023392568344395,3.1708920685817006,3.1638064061392526,3.7830728314868463,8.860227247757901
84,2010-04-01,8.192995904692644,7.153115633724359,7.180512230132453,7.686754067412549,3.6286887793367084
84,2010-05-01,-0.5135155084010121,0.8647289962812108,0.7901955721370975,0.13834003186804267,-11.197955881545374
84,2010-06-01,-3.243572046859531,-1.870961967886073,-1.8956140075833972,-2.569593027221464,-5.423531318155728
84,2010-07-01,-3.7069810555239675,-2.33426376641455,-2.3313400456698057,-3.0191605505968866,3.710476048086786
84,2010-08-01,9.174026134343586,7.026525238962073,7.230464035172714,8.20224508475815,8.338225600705606
84,2010-09-01,1.2508852273960767,2.1363217508251866,2.09855541629175,1.6747203218439135,5.58871471817437
84,2010-10-01,9.45843973870976,7.767755276504783,7.845170208060178,8.65180497338497,7.335912671105382
84,2010-11-01,5.399458002436432,3.8907647160660415,3.8630214813439365,4.631239741890184,1.6985228358720406
84,2010-12-01,2.599917765798436,2.0835810779362363,2.1393530032244303,2.369635384511433,8.336895668956101
84,2011-01-01,8.26162630122519,6.843450637634775,6.949945944351681,7.605786122788436,4.241491099304162
84,2011-02-01,-0.5905116787604517,-0.7624512505308549,-0.7875500528057413,-0.6890308657830966,3.5959231785989143
84,2011-03-01,2.445451093763219,2.612142784051832,2.5864804193012136,2.515965756532216,-3.70947812009359
84,2011-04-01,2.4254151991211654,2.503616121535843,2.43101421664562,2.4282147078833924,-0.042176568916774126
84,2011-05-01,1.7245878166586803,2.4909735926216237,2.4840113102789485,2.1042995634688144,-5.6202700697432935
84,2011-06-01,-1.127698818486674,-1.179739234221513,-1.1507301535644925,-1.1392144860255833,1.1418218980814743
84,2011-07-01,1.1892710483604532,1.0947632971643466,1.0728844145131833,1.1310777314368181,6.495707653115068
84,2011-08-01,1.1917241029530736,1.9560177530234006,1.899143527068323,1.5454338150106983,-6.727154566759596
84,2011-09-01,-2.2974598782626683,-1.4431601851895959,-1.511642676461375,-1.9045512773620217,-7.704467066562382
84,2011-10-01,-10.736551562238983,-10.236164345991583,-9.946346233243295,-10.341448897741138,-10.993984056455897
84,2011-11-01,9.248096325784523,8.375216992266491,8.232664331109696,8.74038032844711,2.5862078918786002
84,2011-12-01,-0.38360341812747034,-0.7476365008689614,-0.6354728327955668,-0.5095381254615186,-0.21364274813283624
84,2012-01-01,-1.5243533721065308,-1.1131351525946223,-1.1176920363054983,-1.3210227042060145,6.15341278696484
84,2012-02-01,8.208315413339148,7.657929561665766,7.511990499188432,7.86015295626379,5.003418978556451
84,2012-03-01,0.8250041641544099,2.257814708380459,2.1337522159953877,1.4793781900748988,0.11961066291945599
84,2012-04-01,-0.5240882279636234,-0.39061731969050006,-0.551084833949097,-0.5375865309563602,-2.58012548410832
84,2012-05-01,1.3185708123419737,1.9921055009135205,1.8933516173921716,1.6059612148670728,-4.514040666505581
84,2012-06-01,-4.4596315034442116,-5.719149996996289,-5.798020494061092,-5.128825998752651,-5.557021622671265
84,2012-07-01,0.8783947469264759,1.6131168775785265,1.5355894780603914,1.2069921124934337,2.1628370138445208
84,2012-08-01,1.004539716344497,2.09177815270491,2.0368200405264716,1.5206798784354842,-0.904260258634626
84,2012-09-01,1.0802376645392149,0.9243303471803872,0.9065822576534565,0.9934099610963356,7.5441323084773915
84,2012-10-01,3.489373649401827,3.454630122824049,3.4027915597429157,3.4460826045723714,-0.33940026161006775
84,2012-11-01,0.779557098328343,1.1085819484626,0.958001766175447,0.8687794322518949,-4.3079927337777875
84,2012-12-01,0.2092789428819139,0.7809102021094043,0.6302431489378472,0.4197610459098805,3.2188126406837103
84,2013-01-01,0.9943126015657962,1.0392459932608542,1.0234950479866003,1.008903824776198,1.2906212996791844
84,2013-02-01,1.3052499945325462,1.8082498617986893,1.62401843607357,1.4646342153030583,0.21804130020457446
84,2013-03-01,-1.2423700662705588,-1.3384031288828702,-1.413655538007839,-1.3280128021391988,-5.2101323189349795
84,2013-04-01,-2.2031443545471188,-2.20111735984888,-2.242269147270572,-2.2227067509088454,-5.329308295250645
84,2013-05-01,-1.3629637700152,-1.2417178820112957,-1.38811323101801,-1.375538500516605,0.18452565065616433
84,2013-06-01,1.1997070014074702,-0.4111635040131316,-0.44883225627447243,0.3754373725664989,-3.398862776300726
84,2013-07-01,-2.7483379437502866,-1.986723464124176,-2.1878496614356457,-2.468093802592966,-1.4559368767931957
84,2013-08-01,2.7054809704150413,2.8577875990886286,2.903206827689977,2.804343899052509,4.2003723336021315
84,2013-09-01,1.8656745994600104,2.5116301754387678,2.4509863531340423,2.158330476297026,-0.572000088759661
84,2013-10-01,2.6882080658843464,4.243911343470596,3.993710480088135,3.3409592729862405,0.6631292440628211
84,2013-11-01,2.875092872774287,2.3879403125356315,2.3688579913076238,2.6219754320409554,-1.967500297054492
84,2013-12-01,0.11549068105979561,0.2625383562760788,0.22722308961298887,0.17135688533639223,2.002901345700625
84,2014-01-01,2.7382811691189444,3.3857046484651936,3.30191819409024,3.0200996816045924,0.8437246364835449
84,2014-02-01,-1.0753150546232788,-1.4341872398201692,-1.440914203252115,-1.258114628937697,-2.1928349650066625
84,2014-03-01,1.287681088664583,2.2787267931466904,2.3232014944437394,1.8054412915541613,-6.672187715665978
84,2014-04-01,-0.19949399878186974,1.2154282761560733,1.1253753558377673,0.46294067852794873,0.44685358812193154
84,2014-05-01,0.9294103744505977,1.2952179869742135,1.3350259918809804,1.1322181831657891,2.6796962914771516
84,2014-06-01,0.2769079391009867,1.653903842459806,1.663619669372871,0.9702638042369289,-0.7752922598948109
84,2014-07-01,0.7596505114719777,1.336649031754832,1.4146163041455386,1.0871334078087582,4.583005227764092
84,2014-08-01,1.5028503634525634,1.5023406540886928,1.4665667293722118,1.4847085464123877,-1.700370122022088
84,2014-09-01,-1.8411864245245766,-1.74985316197679,-1.6993284398616422,-1.7702574321931093,-1.98632217928697
84,2014-10-01,-1.7144283447075888,-2.2403060012675517,-2.213383205508236,-1.9639057751079125,-2.14743838894097
84,2014-11-01,-1.1998630934147607,-0.11521965234124631,-0.14941240598115302,-0.6746377496979569,-0.45757252725633357
84,2014-12-01,-1.8699177856053522,-3.0159939757892955,-2.884557916212634,-2.377237850908993,-4.048790641958244
84,2015-01-01,-3.020117822644656,-3.5592590767346675,-3.409924982571174,-3.215021402607915,-9.046509195385589
84,2015-02-01,-5.0957597731267255,-5.701255091791707,-5.57447832648807,-5.335119049807398,-1.782599503144977
84,2015-03-01,2.9714864762303232,3.5372288716234337,3.2889765203852095,3.1302314983077664,3.630017804207508
84,2015-04-01,-2.3378602969131155,-2.1984155554795772,-2.0740530044914185,-2.2059566507022668,1.7699861841543152
84,2015-05-01,4.505448396572896,5.424088270281731,4.90252673485946,4.703987565716178,4.354734140597483
84,2015-06-01,-1.2463702884859074,-0.8273376402246633,-0.5992343931878643,-0.9228023408368858,-7.182308622589106
84,2015-07-01,-2.6840767401542713,-2.9794880623692084,-2.552247361079793,-2.618162050617032,-6.384810340897296
84,2015-08-01,-6.4561682574701225,-6.075973904401553,-5.321105060795527,-5.888636659132825,-6.234551623676888
84,2015-09-01,-3.2973411498313157,-2.9138483493243488,-2.6192917429204905,-2.9583164463759033,1.5683017038108593
84,2015-10-01,-1.5019187256340814,-1.357992609173586,-1.315997805171282,-1.4089582654026818,0.07447868001622115
84,2015-11-01,2.3343550551758283,3.257787270078215,3.1968385404956545,2.7655967978357414,-8.128975463934218
84,2015-12-01,-4.302261932442607,-6.202680004958083,-5.374229985382188,-4.838245958912397,-2.930031121986376
84,2016-01-01,-1.3673154245808627,-2.2266976599300965,-2.0151567788128895,-1.6912361016968762,-3.588452293304878
84,2016-02-01,-5.086532942461089,-5.8629167770505015,-5.304152149283689,-5.195342545872389,2.5002660495316853
84,2016-03-01,3.6865591249292775,6.713806710498806,6.81835864495496,5.2524588849421185,7.586122051937405
84,2016-04-01,2.2016320510701024,6.935766706891175,7.022397521740954,4.6120147864055285,-1.6430937320441652
84,2016-05-01,4.082371120910921,7.696622322302196,8.080832358623153,6.081601739767037,-3.2780722281288366
84,2016-06-01,-2.1298478889116645,-4.961463658036842,-4.612148249675658,-3.3709980692936616,-1.1181770944852065
84,2016-07-01,0.05187966772218772,1.9756391783065341,2.2610799563074524,1.15647981201482,4.882842567795853
84,2016-08-01,0.37206819331830493,1.0078175635755175,1.284832252727695,0.828450223023,-2.5603109367845156
84,2016-09-01,-1.4597839217629125,-3.3175310165778367,-3.0679229223232247,-2.2638534220430686,-0.35871949784082036
84,2016-10-01,0.7802694331564088,2.6180688229034823,3.1073842294828165,1.9438268313196128,0.1941271928797672
84,2016-11-01,0.34048702522947044,1.1074396688362327,1.2311553421442132,0.7858211836868418,14.970702706335315
84,2016-12-01,1.475451299003985,5.003001062736968,5.203385111949525,3.339418205476755,3.5283826159343334
84,2017-01-01,-0.33737836002279864,-0.04107254697264151,0.3591802905159353,0.010900965246568334,1.9891835659252788
84,2017-02-01,1.9889641560982982,5.469012373779582,4.879729983738947,3.4343470699186227,3.208255431072793
84,2017-03-01,-1.2900958966989684,-0.4628375782688845,-0.4259199183697965,-0.8580079075343825,-1.7413389723282546
84,2017-04-01,-0.48904077457754225,-1.1823942182587726,-0.945452210491398,-0.7172464925344701,-2.345892317355225
84,2017-05-01,0.37928956463436564,0.2021947889408694,0.16813707420320856,0.27371331941878707,-1.4286391880733662
84,2017-06-01,-0.37141256582351023,-0.8082800986115369,-0.7600317233638866,-0.5657221445936984,2.010517361164843
84,2017-07-01,0.6756331169446416,1.833350422820678,1.7276708239443908,1.201651970444516,4.723596694110643
84,2017-08-01,1.8219316121728486,4.678852032248278,4.661659387216176,3.241795499694512,8.415710046550352
84,2017-09-01,2.221014627395108,3.3427063451073047,3.3261466848622914,2.7735806561286998,1.329680496072383
84,2017-10-01,-0.33972097797764284,-0.37291411648861417,-0.43542376480529,-0.3875723713914664,3.5486699170302005
84,2017-11-01,1.0601702837013338,2.1268451176430436,2.2533203281774,1.6567453059393669,0.19994048719771396
84,2017-12-01,0.33214424342752613,1.7036967741405964,1.7459663660761646,1.0390553047518454,0.5360854985239083
84,2018-01-01,3.770550489762831,5.54437113241902,5.0685900919224895,4.41957029084266,3.0894556148358454
84,2018-02-01,0.6830126614030165,1.7993935950272326,2.0887365421802797,1.3858746017916481,-0.8068176709216224
84,2018-03-01,0.883578081991135,-0.47265240185124746,-0.3903818268895949,0.24659812755077004,-3.1480360142646435
84,2018-04-01,0.18091318981017893,-1.1110051280578839,-1.22334174580863,-0.5212142779992255,0.7948873587739547
84,2018-05-01,1.5275491384506714,3.094299183188749,2.5730921067114254,2.050320622581048,-0.3865150022863584
84,2018-06-01,0.4897314958795024,-0.03377028952325811,0.08372637158806417,0.2867289337337833,1.8000762900450828
84,2018-07-01,0.4364807458067221,0.9565066731154113,0.8925107404540166,0.6644957431303693,-10.03170981299969
84,2018-08-01,-0.8750841271117422,-0.08913530158658589,0.001996437621590519,-0.43654384474507585,-3.1156066185988873
84,2018-09-01,-2.3124709947165023,-3.3294175915560036,-3.2584726584814714,-2.785471826598987,-0.16347821519446804
84,2018-10-01,0.7870109255477709,3.106809081329026,2.777376473309764,1.7821936994287675,2.5047943028081
84,2018-11-01,-0.6497690327176519,-2.2315412191190402,-2.2917928888795673,-1.4707809607986095,-0.5929854462649709
84,2018-12-01,0.367299935205608,0.17415523812318456,0.0024651596376248364,0.18488254742161642,-1.6659118382114535
84,2019-01-01,0.13939697017239472,-1.0883125111220464,-1.1141109392096882,-0.48735698451864673,-1.8602663619042836
84,2019-02-01,2.8125907925894893,4.922533220467837,4.458250801471129,3.635420797030309,5.487118649997047
84,2019-03-01,1.0200982528707359,1.6088674468849824,1.8613155248170195,1.4407068888438777,2.0563673741645694
84,2019-04-01,0.23865402788469703,0.8892668496917241,1.0141680331701501,0.6264110305274235,0.4852737829687426
84,2019-05-01,-0.7943755335955306,0.43280288175215026,0.6748328620290736,-0.05977133578322852,-6.371320497736832
84,2019-06-01,-1.6277039863240694,-3.8210967068810286,-3.5537967943998585,-2.590750390361964,-2.3051804581623037
84,2019-07-01,1.0726477728163997,3.123408097599433,3.313169392106145,2.192908582461272,0.9037415364401724
84,2019-08-01,-2.2361766939183942,-1.9909768429056989,-1.7229774079218547,-1.9795770509201245,-3.8429820197835918
84,2019-09-01,-3.068455079110587,-3.4131669642344935,-3.065584293916471,-3.067019686513529,1.0676721999486993
84,2019-10-01,0.9435613976329768,1.7803889467122958,1.3615498325248356,1.1525556150789062,-0.10136493502367339
84,2019-11-01,0.15009169163983593,-0.2701880555306817,-0.25117458072977117,-0.05054144454496762,1.7148131951491008
84,2019-12-01,0.15545198955749867,1.2055800613724228,1.163467233826386,0.6594596116919423,3.8939635165023745
84,2020-01-01,2.9053870583879315,4.404651386797725,4.300054408543112,3.602720733465522,-0.8239022413464636
84,2020-02-01,-0.5199924380793469,-4.2319640375852705,-3.917560352587006,-2.2187763953331765,-5.929726997990681
84,2020-03-01,-1.6253136884357322,-3.590216744625994,-4.018303340132101,-2.8218085142839167,-8.902155071163186
84,2020-04-01,-7.072099761452205,-9.90819061353173,-9.143502896400765,-8.107801328926485,-2.3497404141019085
84,2020-05-01,1.9382979681351897,-1.7622999239880426,-1.7636096510130406,0.08734415856107458,3.7785043213031777
84,2020-06-01,3.1830940332276043,6.4561861950775326,6.830916605730331,5.007005319478967,9.669906211163482
84,2020-07-01,-1.2711148400503938,4.472785562697983,4.08897340316533,1.408929281557468,10.445256735740948
84,2020-08-01,4.275661915129486,6.0364785900925915,6.205588755704361,5.240625335416924,2.004757957295955
84,2020-09-01,2.1740009654799075,2.7455755168519054,2.6451731780882355,2.4095870717840713,2.943792398542344
84,2020-10-01,-0.9987474799515763,-1.09409381668095,-0.45308086246283796,-0.7259141712072071,0.5249072114352327
84,2020-11-01,-0.3105441019119676,0.0649100446116262,-0.04166725358533108,-0.17610567774864933,5.211137804576582
84,2020-12-01,6.453588608294458,6.730395131117893,6.6126585558495385,6.533123582071998,10.028325547918659
84,2021-01-01,5.051158254948866,6.118775179475473,6.560918120831967,5.806038187890416,2.3318621264709627
84,2021-02-01,0.44098078787864226,0.7785895912428127,1.2795775417626147,0.8602791648206285,6.089184430356043
84,2021-03-01,5.7122676783510915,4.473969239610432,5.316287724183046,5.514277701267069,6.263654009791431
84,2021-04-01,0.4902856968544316,0.8953241301573962,0.07495461141320403,0.2826201541338178,3.232508257525768
84,2021-05-01,3.2934810322418757,3.3739974215156785,3.6812057121614954,3.4873433722016856,9.603548651374538
84,2021-06-01,3.017870648082743,2.4384527196792565,2.9616130205077686,2.9897418342952555,-5.030866698031389
84,2021-07-01,-0.3923037740213474,-0.8932787851700622,-1.2267567591620852,-0.8095302665917163,-1.9243650127050649
84,2021-08-01,0.9076904423475486,0.7360900992339952,0.5981911209147857,0.7529407816311671,-0.9278757032748941
84,2021-09-01,-1.3183511791163125,-1.2439902493622728,-1.9828865044721686,-1.6506188417942407,-0.563033721158468
84,2021-10-01,-0.4851575315091199,-1.1831600550566619,-1.8402688065383512,-1.1627131690237356,3.661634719856588
84,2021-11-01,1.6592350496880224,2.3719713803201725,2.6515542680220654,2.1553946588550437,-0.4256084640973379
84,2021-12-01,0.08408992922591157,0.05080277419440993,-0.07798679643183526,0.003051566397038158,-0.7526401705700181
84,2022-01-01,2.8211145237379003,2.4345378489378953,2.50772582590761,2.664420174822755,2.288642870857416
84,2022-02-01,1.4615788499365923,2.1242036613627437,3.0959999321126994,2.2787893910246457,1.582129390506526
84,2022-03-01,4.277912410530384,4.425221922423447,4.617326458358913,4.447619434444649,3.2286018398459237
84,2022-04-01,3.213989584419086,4.344234249441454,4.5060519916053146,3.8600207880122004,-0.6361303460405754
84,2022-05-01,-2.0757627592170294,-2.901694759811062,-2.9135649992848354,-2.4946638792509326,-7.832642124866728
84,2022-06-01,0.28132418490624045,1.4747036259261361,1.563015120218096,0.9221696525621682,-3.334996343655372
84,2022-07-01,-4.170229633565798,-3.4373943361343087,-3.6458885923764917,-3.908059112971145,-16.64833160352147
84,2022-08-01,-0.14001300779309855,-0.11840045039010594,-0.4255468481727017,-0.28277992798290014,5.6880028299651775
84,2022-09-01,-1.3580487723856942,0.9311527795806238,1.1192938915638069,-0.11937744041094367,-3.6121294472092336
84,2022-10-01,-4.779317356501943,-2.675444932686498,-2.7501941216008152,-3.7647557390513793,-1.0903452545202308
84,2022-11-01,2.01484970059324,2.9863975611916977,3.0094102904734696,2.512129995533355,5.849597370035298
84,2022-12-01,6.785600202810178,8.301536969935729,8.709589003737818,7.747594603273998,4.097571217588358
84,2023-01-01,0.6641974899342927,1.5042291882565366,1.8047986593566634,1.2344980746454781,7.542510854526041
84,2023-02-01,5.007769419832303,5.005708220777598,5.284231884243314,5.1460006520378085,-0.8672693366486128
84,2023-03-01,-1.8485867014778452,-1.478469466151966,-1.7395381179170215,-1.7940624096974334,-0.9269078352832749
84,2023-04-01,0.3465960410621882,1.4991783942458308,1.4620561677183255,0.9043261043902568,-0.5639396868381552
84,2023-05-01,-1.4808088048975636,-0.555982245869874,-0.8180008496165352,-1.1494048272570494,-6.171024384864121
84,2023-06-01,-3.1286331702692327,-2.0139477300618718,-2.4656840833763374,-2.7971586268227853,1.53852568716224
84,2023-07-01,3.0897541731316744,3.0041461774371836,3.210928405144462,3.150341289138068,1.2064604157138392
84,2023-08-01,1.0140517160298637,1.925416575795837,1.912318944633225,1.4631853303315443,-1.4214685188526088
84,2023-09-01,-1.7995898762512486,-1.2424101934280172,-1.4335585152647325,-1.6165741957579907,-0.8272396518963943
84,2023-10-01,-0.2122188769297348,-0.3532514687066335,-0.41688999507709257,-0.3145544360034137,-3.808177420991876
84,2023-11-01,-1.9269313414877984,-0.9784119335912042,-1.2272823162311424,-1.5771068288594705,3.1934992430812326
84,2023-12-01,2.1417085007116254,3.245629368680425,3.1967677743857763,2.669238137548701,2.685330344491299
84,2024-01-01,2.466518685586305,2.407905380683609,2.418037817948905,2.442278251767605,-0.6255566422343817
84,2024-02-01,-2.2906559979960424,-1.599879565696766,-1.9463118654591272,-2.1184839317275848,-0.5111972863475867
84,2024-03-01,-1.172485279868285,-0.4929761258673535,-0.9010362782291432,-1.036760779048714,4.607711555138749
84,2024-04-01,2.3932463831009665,2.781500851514931,2.843795255801323,2.6185208194511445,8.675968670140243
84,2024-05-01,1.8684744052179638,1.8766964166408127,2.253686152565296,2.06108027889163,7.007376595906312
84,2024-06-01,3.126678668541947,3.2143232920419,3.266135168351414,3.1964069184466806,-4.491303609577068
84,2024-07-01,-0.8984287738013195,-1.3606891447521234,-1.7929277180538006,-1.34567824592756,-2.5718027332092497
84,2024-08-01,-0.8718809851793972,-1.18274057666578,-1.4784089067195532,-1.1751449459494752,-4.42306635721621
84,2024-09-01,-0.24204901222968864,-0.2519554721405126,-0.49369259547768063,-0.36787080385368465,3.1226770284825456
84,2024-10-01,2.6567789037881155,2.9961544371968536,3.049141960584195,2.8529604321861552,3.0233287798065556
84,2024-11-01,-1.5618411628007658,-1.7476922462901179,-2.089513882890202,-1.825677522845484,-4.872862467249039
84,2024-12-01,0.027873285055205154,-0.4377391711889137,-0.8223660321404714,-0.39724637354263315,-1.8940191554308594
84,2025-01-01,-1.8428184085325527,-1.9738318842181592,-2.152651111390844,-1.9977347599616984,0.6906245740084804
84,2025-02-01,-0.07956564771810434,0.5416795210576052,0.43204346323367177,0.17623890775778372,3.648190167989962
84,2025-03-01,1.0773671662489126,1.2696530747918073,1.3584169395890457,1.2178920529189792,4.186263087614517
84,2025-04-01,1.46694165567213,1.580727232371798,1.79683944587388,1.6318905507730048,-5.828841254754469
84,2025-05-01,-1.3027496395789864,-1.0003939964580917,-1.2298179112818894,-1.266283775430438,3.597873638344229
84,2025-06-01,1.22280297026898,1.9616448616740212,1.9227142008913738,1.572758585580177,2.2169210407022133
84,2025-07-01,1.9632906610048908,2.383592916763495,2.437936903969268,2.2006137824870793,0.48904695728220204
84,2025-08-01,-0.21062508032253346,0.19069730828870102,-0.08901067283959108,-0.14981787658106227,-0.6364980559911637
84,2025-09-01,1.6511087360343748,1.6204571562325591,1.5710324391432033,1.611070587588789,3.211438834012559
84,2025-10-01,-0.14674956625989094,0.9850520517692822,0.7913029643583929,0.32227669904925094,7.078905173003802
84,2025-11-01,2.221405198758652,1.9179259632798147,2.089456382068132,2.155430790413392,0.7147605889717967
84,2025-12-01,1.2981462878788714,0.6798047568121351,0.5483834104161807,0.923264849147526,9.18493832155798
84,2026-01-01,3.7260306458628367,3.8402159801168234,4.214460161473418,3.970245403668127,9.799232982896022
84,2026-02-01,4.825706832192957,4.672719573111446,5.027560258424543,4.92663354530875,0.22101920836286038
96,2006-03-01,1.1112686296020249,0.06148961748463022,0.19019345670865584,0.6507310431553404,3.156574010615243
96,2006-04-01,3.4426725514795775,3.005731002259965,2.8400713801704582,3.1413719658250177,24.834625173321378
96,2006-05-01,11.285384159014002,5.825055718447621,5.37557237336555,8.330478266189775,25.643531225785953
96,2006-06-01,12.074821436043557,5.032123709013722,4.803903478475059,8.439362457259307,-10.110358584964851
96,2006-07-01,1.5429589917129474,0.5607053828484594,0.7285008564888975,1.1357299241009224,7.19766784162601
96,2006-08-01,3.286281876873148,2.41959963916563,2.275174987478971,2.7807284321760593,0.04610142229255487
96,2006-09-01,3.499487425111753,1.865182218198683,1.7965638278249898,2.6480256264683715,-0.9599498830076381
96,2006-10-01,-1.2778365111238723,0.033574220566289004,0.14964614807187582,-0.5640951815259982,-1.567296720352096
96,2006-11-01,8.484815489881719,3.3373663771652797,3.2148109318291525,5.8498132108554355,-5.906427993717922
96,2006-12-01,4.242208272736181,2.4095304251137084,2.1930079063052847,3.217608089520733,-5.496222724259258
96,2007-01-01,-0.8254626449003165,0.07445345808882409,0.13833503316629225,-0.34356380586701213,-13.762239156541668
96,2007-02-01,1.5640110579660134,0.29608539373965703,0.39823795299711495,0.9811245054815642,-0.026940034802647173
96,2007-03-01,4.224626464731782,2.6945710131983267,2.5203629919495,3.372494728340641,12.192449143564854
96,2007-04-01,9.33582070524511,4.402435137703711,4.175603554886274,6.755712130065692,19.30131910668351
96,2007-05-01,8.45025038393145,4.756235535440387,4.368976176739576,6.409613280335513,-0.41998197390729075
96,2007-06-01,8.473174186279762,2.674529335175194,2.6670860208156446,5.570130103547703,-2.4651698845730596
96,2007-07-01,6.034572675527663,2.5983684274039884,2.558174908439508,4.296373791983585,5.944490990616669
96,2007-08-01,6.300709955587028,2.641666899720363,2.5417174505721,4.421213703079564,-6.131265137428976
96,2007-09-01,0.13975067910562028,-2.6016397106710305,-1.9975057464987498,-0.9288775336965648,2.9037307225626696
96,2007-10-01,10.979943705433824,4.941741503231366,4.772370165816975,7.876156935625399,4.6256806095333225
96,2007-11-01,4.963164961001376,2.8062519111132813,2.8201423173593105,3.891653639180343,-12.726128918417135
96,2007-12-01,-3.171176118250351,-4.798133507010181,-3.977171927324733,-3.574174022787542,-4.195790730364113
96,2008-01-01,-0.4147632755288729,-1.7967197142124238,-1.392215575484042,-0.9034894255064574,5.863238437460128
96,2008-02-01,0.30106395260531393,-0.5453970743535494,-0.40910254826023507,-0.054019297827460566,11.717133570654692
96,2008-03-01,6.2506430473176025,4.237172613583588,4.141634778194719,5.196138912756161,5.1801623819417
96,2008-04-01,0.22998681095105983,-0.5980877260627304,-0.25409446464853724,-0.012053826848738708,3.7805932403926823
96,2008-05-01,3.7925257056521415,2.270420040286844,2.4585708082423428,3.1255482569472424,-4.135349799039522
96,2008-06-01,0.6209179313826915,0.17468157816831664,0.5634444560453182,0.5921811937140049,-1.0659874607340525
96,2008-07-01,0.0067601236075983985,-0.9809363884058895,-0.546274809000288,-0.2697573426963448,1.1790579327117579
96,2008-08-01,-0.3102460706559895,-1.0870707042644454,-0.9140251078810522,-0.6121355892685209,-8.434473355903261
96,2008-09-01,-2.228570121279997,-4.099917469542494,-3.2576641643480886,-2.743117142814043,-8.046665251860363
96,2008-10-01,-9.939642371858332,-11.505595066761646,-9.59376699821209,-9.766704685035211,-30.36389646512537
96,2008-11-01,-16.22774617771771,-19.91578512250742,-17.73149792635614,-16.979622052036923,-22.674322391890954
96,2008-12-01,-7.1760453578559105,-8.9249480115894,-8.431358084221714,-7.803701721038812,-17.353280524736913
96,2009-01-01,-11.520708725529529,-9.663685257518768,-8.097574127658529,-9.809141426594028,5.319170347219693
96,2009-02-01,-10.01812903959805,-8.442983523343777,-7.210624670501052,-8.614376855049551,2.654766716767587
96,2009-03-01,3.104708597139403,0.8175565746007312,0.8098597929632323,1.9572841950513176,13.046352058814016
96,2009-04-01,10.057856052775882,3.442344378443451,3.496383664885462,6.777119858830672,17.513213914937232
96,2009-05-01,10.74426604065839,6.012946139808135,5.940949057446921,8.342607549052655,3.301265455743363
96,2009-06-01,11.339213469806639,9.461719472294895,9.28398150421069,10.311597487008665,9.231270459417162
96,2009-07-01,2.691077783825178,2.6820335102775834,2.664325738844478,2.677701761334828,4.076495144928094
96,2009-08-01,7.793684384850689,4.368529780154052,4.319738950243686,6.056711667547187,18.38276632085507
96,2009-09-01,3.8340746486536235,2.451082825613285,2.434221965149529,3.1341483069015763,0.16587393935452166
96,2009-10-01,5.976014093890835,4.187925494485587,4.068163492371165,5.022088793131,1.836071942609574
96,2009-11-01,3.9421862337148585,3.547352577373819,3.5041702594631188,3.7231782465889887,6.0848254553186765
96,2009-12-01,9.365342888790055,7.0968920275432605,6.927561512597507,8.146452200693782,4.525251569495414
96,2010-01-01,2.414500215017747,0.77107165869748,0.7527528534717047,1.583626534244726,5.306813104740571
96,2010-02-01,-3.5598348190005353,-1.5586214624190926,-1.563825886408493,-2.561830352704514,-6.76242617662266
96,2010-03-01,4.4023392568344395,3.1708920685817006,3.1638064061392526,3.7830728314868463,8.860227247757901
96,2010-04-01,8.192995904692644,7.153115633724359,7.180512230132453,7.686754067412549,3.6286887793367084
96,2010-05-01,-0.5135155084010121,0.8647289962812108,0.7901955721370975,0.13834003186804267,-11.197955881545374
96,2010-06-01,-3.243572046859531,-1.870961967886073,-1.8956140075833972,-2.569593027221464,-5.423531318155728
96,2010-07-01,-3.7069810555239675,-2.33426376641455,-2.3313400456698057,-3.0191605505968866,3.710476048086786
96,2010-08-01,9.174026134343586,7.026525238962073,7.230464035172714,8.20224508475815,8.338225600705606
96,2010-09-01,1.2508852273960767,2.1363217508251866,2.09855541629175,1.6747203218439135,5.58871471817437
96,2010-10-01,9.45843973870976,7.767755276504783,7.845170208060178,8.65180497338497,7.335912671105382
96,2010-11-01,5.399458002436432,3.8907647160660415,3.8630214813439365,4.631239741890184,1.6985228358720406
96,2010-12-01,2.599917765798436,2.0835810779362363,2.1393530032244303,2.369635384511433,8.336895668956101
96,2011-01-01,8.26162630122519,6.843450637634775,6.949945944351681,7.605786122788436,4.241491099304162
96,2011-02-01,-0.5905116787604517,-0.7624512505308549,-0.7875500528057413,-0.6890308657830966,3.5959231785989143
96,2011-03-01,2.445451093763219,2.612142784051832,2.5864804193012136,2.515965756532216,-3.70947812009359
96,2011-04-01,2.4254151991211654,2.503616121535843,2.43101421664562,2.4282147078833924,-0.042176568916774126
96,2011-05-01,1.7245878166586803,2.4909735926216237,2.4840113102789485,2.1042995634688144,-5.6202700697432935
96,2011-06-01,-1.127698818486674,-1.179739234221513,-1.1507301535644925,-1.1392144860255833,1.1418218980814743
96,2011-07-01,1.1892710483604532,1.0947632971643466,1.0728844145131833,1.1310777314368181,6.495707653115068
96,2011-08-01,1.1917241029530736,1.9560177530234006,1.899143527068323,1.5454338150106983,-6.727154566759596
96,2011-09-01,-2.2974598782626683,-1.4431601851895959,-1.511642676461375,-1.9045512773620217,-7.704467066562382
96,2011-10-01,-10.736551562238983,-10.236164345991583,-9.946346233243295,-10.341448897741138,-10.993984056455897
96,2011-11-01,9.248096325784523,8.375216992266491,8.232664331109696,8.74038032844711,2.5862078918786002
96,2011-12-01,-0.38360341812747034,-0.7476365008689614,-0.6354728327955668,-0.5095381254615186,-0.21364274813283624
96,2012-01-01,-1.5243533721065308,-1.1131351525946223,-1.1176920363054983,-1.3210227042060145,6.15341278696484
96,2012-02-01,8.208315413339148,7.657929561665766,7.511990499188432,7.86015295626379,5.003418978556451
96,2012-03-01,0.8250041641544099,2.257814708380459,2.1337522159953877,1.4793781900748988,0.11961066291945599
96,2012-04-01,-0.5240882279636234,-0.39061731969050006,-0.551084833949097,-0.5375865309563602,-2.58012548410832
96,2012-05-01,1.3185708123419737,1.9921055009135205,1.8933516173921716,1.6059612148670728,-4.514040666505581
96,2012-06-01,-4.4596315034442116,-5.719149996996289,-5.798020494061092,-5.128825998752651,-5.557021622671265
96,2012-07-01,0.8783947469264759,1.6131168775785265,1.5355894780603914,1.2069921124934337,2.1628370138445208
96,2012-08-01,1.004539716344497,2.09177815270491,2.0368200405264716,1.5206798784354842,-0.904260258634626
96,2012-09-01,1.0802376645392149,0.9243303471803872,0.9065822576534565,0.9934099610963356,7.5441323084773915
96,2012-10-01,3.489373649401827,3.454630122824049,3.4027915597429157,3.4460826045723714,-0.33940026161006775
96,2012-11-01,0.779557098328343,1.1085819484626,0.958001766175447,0.8687794322518949,-4.3079927337777875
96,2012-12-01,0.2092789428819139,0.7809102021094043,0.6302431489378472,0.4197610459098805,3.2188126406837103
96,2013-01-01,0.9943126015657962,1.0392459932608542,1.0234950479866003,1.008903824776198,1.2906212996791844
96,2013-02-01,1.3052499945325462,1.8082498617986893,1.62401843607357,1.4646342153030583,0.21804130020457446
96,2013-03-01,-1.2423700662705588,-1.3384031288828702,-1.413655538007839,-1.3280128021391988,-5.2101323189349795
96,2013-04-01,-2.2031443545471188,-2.20111735984888,-2.242269147270572,-2.2227067509088454,-5.329308295250645
96,2013-05-01,-1.3629637700152,-1.2417178820112957,-1.38811323101801,-1.375538500516605,0.18452565065616433
96,2013-06-01,1.1997070014074702,-0.4111635040131316,-0.44883225627447243,0.3754373725664989,-3.398862776300726
96,2013-07-01,-2.7483379437502866,-1.986723464124176,-2.1878496614356457,-2.468093802592966,-1.4559368767931957
96,2013-08-01,2.7054809704150413,2.8577875990886286,2.903206827689977,2.804343899052509,4.2003723336021315
96,2013-09-01,1.8656745994600104,2.5116301754387678,2.4509863531340423,2.158330476297026,-0.572000088759661
96,2013-10-01,2.6882080658843464,4.243911343470596,3.993710480088135,3.3409592729862405,0.6631292440628211
96,2013-11-01,2.875092872774287,2.3879403125356315,2.3688579913076238,2.6219754320409554,-1.967500297054492
96,2013-12-01,0.11549068105979561,0.2625383562760788,0.22722308961298887,0.17135688533639223,2.002901345700625
96,2014-01-01,2.7382811691189444,3.3857046484651936,3.30191819409024,3.0200996816045924,0.8437246364835449
96,2014-02-01,-1.0753150546232788,-1.4341872398201692,-1.440914203252115,-1.258114628937697,-2.1928349650066625
96,2014-03-01,1.287681088664583,2.2787267931466904,2.3232014944437394,1.8054412915541613,-6.672187715665978
96,2014-04-01,-0.19949399878186974,1.2154282761560733,1.1253753558377673,0.46294067852794873,0.44685358812193154
96,2014-05-01,0.9294103744505977,1.2952179869742135,1.3350259918809804,1.1322181831657891,2.6796962914771516
96,2014-06-01,0.2769079391009867,1.653903842459806,1.663619669372871,0.9702638042369289,-0.7752922598948109
96,2014-07-01,0.7596505114719777,1.336649031754832,1.4146163041455386,1.0871334078087582,4.583005227764092
96,2014-08-01,1.5028503634525634,1.5023406540886928,1.4665667293722118,1.4847085464123877,-1.700370122022088
96,2014-09-01,-1.8411864245245766,-1.74985316197679,-1.6993284398616422,-1.7702574321931093,-1.98632217928697
96,2014-10-01,-1.7144283447075888,-2.2403060012675517,-2.213383205508236,-1.9639057751079125,-2.14743838894097
96,2014-11-01,-1.1998630934147607,-0.11521965234124631,-0.14941240598115302,-0.6746377496979569,-0.45757252725633357
96,2014-12-01,-1.8699177856053522,-3.0159939757892955,-2.884557916212634,-2.377237850908993,-4.048790641958244
96,2015-01-01,-3.020117822644656,-3.5592590767346675,-3.409924982571174,-3.215021402607915,-9.046509195385589
96,2015-02-01,-5.0957597731267255,-5.701255091791707,-5.57447832648807,-5.335119049807398,-1.782599503144977
96,2015-03-01,2.9714864762303232,3.5372288716234337,3.2889765203852095,3.1302314983077664,3.630017804207508
96,2015-04-01,-2.3378602969131155,-2.1984155554795772,-2.0740530044914185,-2.2059566507022668,1.7699861841543152
96,2015-05-01,4.505448396572896,5.424088270281731,4.90252673485946,4.703987565716178,4.354734140597483
96,2015-06-01,-1.2463702884859074,-0.8273376402246633,-0.5992343931878643,-0.9228023408368858,-7.182308622589106
96,2015-07-01,-2.6840767401542713,-2.9794880623692084,-2.552247361079793,-2.618162050617032,-6.384810340897296
96,2015-08-01,-6.4561682574701225,-6.075973904401553,-5.321105060795527,-5.888636659132825,-6.234551623676888
96,2015-09-01,-3.2973411498313157,-2.9138483493243488,-2.6192917429204905,-2.9583164463759033,1.5683017038108593
96,2015-10-01,-1.5019187256340814,-1.357992609173586,-1.315997805171282,-1.4089582654026818,0.07447868001622115
96,2015-11-01,2.3343550551758283,3.257787270078215,3.1968385404956545,2.7655967978357414,-8.128975463934218
96,2015-12-01,-4.302261932442607,-6.202680004958083,-5.374229985382188,-4.838245958912397,-2.930031121986376
96,2016-01-01,-1.3673154245808627,-2.2266976599300965,-2.0151567788128895,-1.6912361016968762,-3.588452293304878
96,2016-02-01,-5.086532942461089,-5.8629167770505015,-5.304152149283689,-5.195342545872389,2.5002660495316853
96,2016-03-01,3.6865591249292775,6.713806710498806,6.81835864495496,5.2524588849421185,7.586122051937405
96,2016-04-01,2.2016320510701024,6.935766706891175,7.022397521740954,4.6120147864055285,-1.6430937320441652
96,2016-05-01,4.082371120910921,7.696622322302196,8.080832358623153,6.081601739767037,-3.2780722281288366
96,2016-06-01,-2.1298478889116645,-4.961463658036842,-4.612148249675658,-3.3709980692936616,-1.1181770944852065
96,2016-07-01,0.05187966772218772,1.9756391783065341,2.2610799563074524,1.15647981201482,4.882842567795853
96,2016-08-01,0.37206819331830493,1.0078175635755175,1.284832252727695,0.828450223023,-2.5603109367845156
96,2016-09-01,-1.4597839217629125,-3.3175310165778367,-3.0679229223232247,-2.2638534220430686,-0.35871949784082036
96,2016-10-01,0.7802694331564088,2.6180688229034823,3.1073842294828165,1.9438268313196128,0.1941271928797672
96,2016-11-01,0.34048702522947044,1.1074396688362327,1.2311553421442132,0.7858211836868418,14.970702706335315
96,2016-12-01,1.475451299003985,5.003001062736968,5.203385111949525,3.339418205476755,3.5283826159343334
96,2017-01-01,-0.33737836002279864,-0.04107254697264151,0.3591802905159353,0.010900965246568334,1.9891835659252788
96,2017-02-01,1.9889641560982982,5.469012373779582,4.879729983738947,3.4343470699186227,3.208255431072793
96,2017-03-01,-1.2900958966989684,-0.4628375782688845,-0.4259199183697965,-0.8580079075343825,-1.7413389723282546
96,2017-04-01,-0.48904077457754225,-1.1823942182587726,-0.945452210491398,-0.7172464925344701,-2.345892317355225
96,2017-05-01,0.37928956463436564,0.2021947889408694,0.16813707420320856,0.27371331941878707,-1.4286391880733662
96,2017-06-01,-0.37141256582351023,-0.8082800986115369,-0.7600317233638866,-0.5657221445936984,2.010517361164843
96,2017-07-01,0.6756331169446416,1.833350422820678,1.7276708239443908,1.201651970444516,4.723596694110643
96,2017-08-01,1.8219316121728486,4.678852032248278,4.661659387216176,3.241795499694512,8.415710046550352
96,2017-09-01,2.221014627395108,3.3427063451073047,3.3261466848622914,2.7735806561286998,1.329680496072383
96,2017-10-01,-0.33972097797764284,-0.37291411648861417,-0.43542376480529,-0.3875723713914664,3.5486699170302005
96,2017-11-01,1.0601702837013338,2.1268451176430436,2.2533203281774,1.6567453059393669,0.19994048719771396
96,2017-12-01,0.33214424342752613,1.7036967741405964,1.7459663660761646,1.0390553047518454,0.5360854985239083
96,2018-01-01,3.770550489762831,5.54437113241902,5.0685900919224895,4.41957029084266,3.0894556148358454
96,2018-02-01,0.6830126614030165,1.7993935950272326,2.0887365421802797,1.3858746017916481,-0.8068176709216224
96,2018-03-01,0.883578081991135,-0.47265240185124746,-0.3903818268895949,0.24659812755077004,-3.1480360142646435
96,2018-04-01,0.18091318981017893,-1.1110051280578839,-1.22334174580863,-0.5212142779992255,0.7948873587739547
96,2018-05-01,1.5275491384506714,3.094299183188749,2.5730921067114254,2.050320622581048,-0.3865150022863584
96,2018-06-01,0.4897314958795024,-0.03377028952325811,0.08372637158806417,0.2867289337337833,1.8000762900450828
96,2018-07-01,0.4364807458067221,0.9565066731154113,0.8925107404540166,0.6644957431303693,-10.03170981299969
96,2018-08-01,-0.8750841271117422,-0.08913530158658589,0.001996437621590519,-0.43654384474507585,-3.1156066185988873
96,2018-09-01,-2.3124709947165023,-3.3294175915560036,-3.2584726584814714,-2.785471826598987,-0.16347821519446804
96,2018-10-01,0.7870109255477709,3.106809081329026,2.777376473309764,1.7821936994287675,2.5047943028081
96,2018-11-01,-0.6497690327176519,-2.2315412191190402,-2.2917928888795673,-1.4707809607986095,-0.5929854462649709
96,2018-12-01,0.367299935205608,0.17415523812318456,0.0024651596376248364,0.18488254742161642,-1.6659118382114535
96,2019-01-01,0.13939697017239472,-1.0883125111220464,-1.1141109392096882,-0.48735698451864673,-1.8602663619042836
96,2019-02-01,2.8125907925894893,4.922533220467837,4.458250801471129,3.635420797030309,5.487118649997047
96,2019-03-01,1.0200982528707359,1.6088674468849824,1.8613155248170195,1.4407068888438777,2.0563673741645694
96,2019-04-01,0.23865402788469703,0.8892668496917241,1.0141680331701501,0.6264110305274235,0.4852737829687426
96,2019-05-01,-0.7943755335955306,0.43280288175215026,0.6748328620290736,-0.05977133578322852,-6.371320497736832
96,2019-06-01,-1.6277039863240694,-3.8210967068810286,-3.5537967943998585,-2.590750390361964,-2.3051804581623037
96,2019-07-01,1.0726477728163997,3.123408097599433,3.313169392106145,2.192908582461272,0.9037415364401724
96,2019-08-01,-2.2361766939183942,-1.9909768429056989,-1.7229774079218547,-1.9795770509201245,-3.8429820197835918
96,2019-09-01,-3.068455079110587,-3.4131669642344935,-3.065584293916471,-3.067019686513529,1.0676721999486993
96,2019-10-01,0.9435613976329768,1.7803889467122958,1.3615498325248356,1.1525556150789062,-0.10136493502367339
96,2019-11-01,0.15009169163983593,-0.2701880555306817,-0.25117458072977117,-0.05054144454496762,1.7148131951491008
96,2019-12-01,0.15545198955749867,1.2055800613724228,1.163467233826386,0.6594596116919423,3.8939635165023745
96,2020-01-01,2.9053870583879315,4.404651386797725,4.300054408543112,3.602720733465522,-0.8239022413464636
96,2020-02-01,-0.5199924380793469,-4.2319640375852705,-3.917560352587006,-2.2187763953331765,-5.929726997990681
96,2020-03-01,-1.6253136884357322,-3.590216744625994,-4.018303340132101,-2.8218085142839167,-8.902155071163186
96,2020-04-01,-7.072099761452205,-9.90819061353173,-9.143502896400765,-8.107801328926485,-2.3497404141019085
96,2020-05-01,1.9382979681351897,-1.7622999239880426,-1.7636096510130406,0.08734415856107458,3.7785043213031777
96,2020-06-01,3.1830940332276043,6.4561861950775326,6.830916605730331,5.007005319478967,9.669906211163482
96,2020-07-01,-1.2711148400503938,4.472785562697983,4.08897340316533,1.408929281557468,10.445256735740948
96,2020-08-01,4.275661915129486,6.0364785900925915,6.205588755704361,5.240625335416924,2.004757957295955
96,2020-09-01,2.1740009654799075,2.7455755168519054,2.6451731780882355,2.4095870717840713,2.943792398542344
96,2020-10-01,-0.9987474799515763,-1.09409381668095,-0.45308086246283796,-0.7259141712072071,0.5249072114352327
96,2020-11-01,-0.3105441019119676,0.0649100446116262,-0.04166725358533108,-0.17610567774864933,5.211137804576582
96,2020-12-01,6.453588608294458,6.730395131117893,6.6126585558495385,6.533123582071998,10.028325547918659
96,2021-01-01,5.051158254948866,6.118775179475473,6.560918120831967,5.806038187890416,2.3318621264709627
96,2021-02-01,0.44098078787864226,0.7785895912428127,1.2795775417626147,0.8602791648206285,6.089184430356043
96,2021-03-01,5.7122676783510915,4.473969239610432,5.316287724183046,5.514277701267069,6.263654009791431
96,2021-04-01,0.4902856968544316,0.8953241301573962,0.07495461141320403,0.2826201541338178,3.232508257525768
96,2021-05-01,3.2934810322418757,3.3739974215156785,3.6812057121614954,3.4873433722016856,9.603548651374538
96,2021-06-01,3.017870648082743,2.4384527196792565,2.9616130205077686,2.9897418342952555,-5.030866698031389
96,2021-07-01,-0.3923037740213474,-0.8932787851700622,-1.2267567591620852,-0.8095302665917163,-1.9243650127050649
96,2021-08-01,0.9076904423475486,0.7360900992339952,0.5981911209147857,0.7529407816311671,-0.9278757032748941
96,2021-09-01,-1.3183511791163125,-1.2439902493622728,-1.9828865044721686,-1.6506188417942407,-0.563033721158468
96,2021-10-01,-0.4851575315091199,-1.1831600550566619,-1.8402688065383512,-1.1627131690237356,3.661634719856588
96,2021-11-01,1.6592350496880224,2.3719713803201725,2.6515542680220654,2.1553946588550437,-0.4256084640973379
96,2021-12-01,0.08408992922591157,0.05080277419440993,-0.07798679643183526,0.003051566397038158,-0.7526401705700181
96,2022-01-01,2.8211145237379003,2.4345378489378953,2.50772582590761,2.664420174822755,2.288642870857416
96,2022-02-01,1.4615788499365923,2.1242036613627437,3.0959999321126994,2.2787893910246457,1.582129390506526
96,2022-03-01,4.277912410530384,4.425221922423447,4.617326458358913,4.447619434444649,3.2286018398459237
96,2022-04-01,3.213989584419086,4.344234249441454,4.5060519916053146,3.8600207880122004,-0.6361303460405754
96,2022-05-01,-2.0757627592170294,-2.901694759811062,-2.9135649992848354,-2.4946638792509326,-7.832642124866728
96,2022-06-01,0.28132418490624045,1.4747036259261361,1.563015120218096,0.9221696525621682,-3.334996343655372
96,2022-07-01,-4.170229633565798,-3.4373943361343087,-3.6458885923764917,-3.908059112971145,-16.64833160352147
96,2022-08-01,-0.14001300779309855,-0.11840045039010594,-0.4255468481727017,-0.28277992798290014,5.6880028299651775
96,2022-09-01,-1.3580487723856942,0.9311527795806238,1.1192938915638069,-0.11937744041094367,-3.6121294472092336
96,2022-10-01,-4.779317356501943,-2.675444932686498,-2.7501941216008152,-3.7647557390513793,-1.0903452545202308
96,2022-11-01,2.01484970059324,2.9863975611916977,3.0094102904734696,2.512129995533355,5.849597370035298
96,2022-12-01,6.785600202810178,8.301536969935729,8.709589003737818,7.747594603273998,4.097571217588358
96,2023-01-01,0.6641974899342927,1.5042291882565366,1.8047986593566634,1.2344980746454781,7.542510854526041
96,2023-02-01,5.007769419832303,5.005708220777598,5.284231884243314,5.1460006520378085,-0.8672693366486128
96,2023-03-01,-1.8485867014778452,-1.478469466151966,-1.7395381179170215,-1.7940624096974334,-0.9269078352832749
96,2023-04-01,0.3465960410621882,1.4991783942458308,1.4620561677183255,0.9043261043902568,-0.5639396868381552
96,2023-05-01,-1.4808088048975636,-0.555982245869874,-0.8180008496165352,-1.1494048272570494,-6.171024384864121
96,2023-06-01,-3.1286331702692327,-2.0139477300618718,-2.4656840833763374,-2.7971586268227853,1.53852568716224
96,2023-07-01,3.0897541731316744,3.0041461774371836,3.210928405144462,3.150341289138068,1.2064604157138392
96,2023-08-01,1.0140517160298637,1.925416575795837,1.912318944633225,1.4631853303315443,-1.4214685188526088
96,2023-09-01,-1.7995898762512486,-1.2424101934280172,-1.4335585152647325,-1.6165741957579907,-0.8272396518963943
96,2023-10-01,-0.2122188769297348,-0.3532514687066335,-0.41688999507709257,-0.3145544360034137,-3.808177420991876
96,2023-11-01,-1.9269313414877984,-0.9784119335912042,-1.2272823162311424,-1.5771068288594705,3.1934992430812326
96,2023-12-01,2.1417085007116254,3.245629368680425,3.1967677743857763,2.669238137548701,2.685330344491299
96,2024-01-01,2.466518685586305,2.407905380683609,2.418037817948905,2.442278251767605,-0.6255566422343817
96,2024-02-01,-2.2906559979960424,-1.599879565696766,-1.9463118654591272,-2.1184839317275848,-0.5111972863475867
96,2024-03-01,-1.172485279868285,-0.4929761258673535,-0.9010362782291432,-1.036760779048714,4.607711555138749
96,2024-04-01,2.3932463831009665,2.781500851514931,2.843795255801323,2.6185208194511445,8.675968670140243
96,2024-05-01,1.8684744052179638,1.8766964166408127,2.253686152565296,2.06108027889163,7.007376595906312
96,2024-06-01,3.126678668541947,3.2143232920419,3.266135168351414,3.1964069184466806,-4.491303609577068
96,2024-07-01,-0.8984287738013195,-1.3606891447521234,-1.7929277180538006,-1.34567824592756,-2.5718027332092497
96,2024-08-01,-0.8718809851793972,-1.18274057666578,-1.4784089067195532,-1.1751449459494752,-4.42306635721621
96,2024-09-01,-0.24204901222968864,-0.2519554721405126,-0.49369259547768063,-0.36787080385368465,3.1226770284825456
96,2024-10-01,2.6567789037881155,2.9961544371968536,3.049141960584195,2.8529604321861552,3.0233287798065556
96,2024-11-01,-1.5618411628007658,-1.7476922462901179,-2.089513882890202,-1.825677522845484,-4.872862467249039
96,2024-12-01,0.027873285055205154,-0.4377391711889137,-0.8223660321404714,-0.39724637354263315,-1.8940191554308594
96,2025-01-01,-1.8428184085325527,-1.9738318842181592,-2.152651111390844,-1.9977347599616984,0.6906245740084804
96,2025-02-01,-0.07956564771810434,0.5416795210576052,0.43204346323367177,0.17623890775778372,3.648190167989962
96,2025-03-01,1.0773671662489126,1.2696530747918073,1.3584169395890457,1.2178920529189792,4.186263087614517
96,2025-04-01,1.46694165567213,1.580727232371798,1.79683944587388,1.6318905507730048,-5.828841254754469
96,2025-05-01,-1.3027496395789864,-1.0003939964580917,-1.2298179112818894,-1.266283775430438,3.597873638344229
96,2025-06-01,1.22280297026898,1.9616448616740212,1.9227142008913738,1.572758585580177,2.2169210407022133
96,2025-07-01,1.9632906610048908,2.383592916763495,2.437936903969268,2.2006137824870793,0.48904695728220204
96,2025-08-01,-0.21062508032253346,0.19069730828870102,-0.08901067283959108,-0.14981787658106227,-0.6364980559911637
96,2025-09-01,1.6511087360343748,1.6204571562325591,1.5710324391432033,1.611070587588789,3.211438834012559
96,2025-10-01,-0.14674956625989094,0.9850520517692822,0.7913029643583929,0.32227669904925094,7.078905173003802
96,2025-11-01,2.221405198758652,1.9179259632798147,2.089456382068132,2.155430790413392,0.7147605889717967
96,2025-12-01,1.2981462878788714,0.6798047568121351,0.5483834104161807,0.923264849147526,9.18493832155798
96,2026-01-01,3.7260306458628367,3.8402159801168234,4.214460161473418,3.970245403668127,9.799232982896022
96,2026-02-01,4.825706832192957,4.672719573111446,5.027560258424543,4.92663354530875,0.22101920836286038
108,2007-03-01,4.224626464731782,2.6945710131983267,2.5203629919495,3.372494728340641,12.192449143564854
108,2007-04-01,9.33582070524511,4.402435137703711,4.175603554886274,6.755712130065692,19.30131910668351
108,2007-05-01,8.45025038393145,4.756235535440387,4.368976176739576,6.409613280335513,-0.41998197390729075
108,2007-06-01,8.473174186279762,2.674529335175194,2.6670860208156446,5.570130103547703,-2.4651698845730596
108,2007-07-01,6.034572675527663,2.5983684274039884,2.558174908439508,4.296373791983585,5.944490990616669
108,2007-08-01,6.300709955587028,2.641666899720363,2.5417174505721,4.421213703079564,-6.131265137428976
108,2007-09-01,0.13975067910562028,-2.6016397106710305,-1.9975057464987498,-0.9288775336965648,2.9037307225626696
108,2007-10-01,10.979943705433824,4.941741503231366,4.772370165816975,7.876156935625399,4.6256806095333225
108,2007-11-01,4.963164961001376,2.8062519111132813,2.8201423173593105,3.891653639180343,-12.726128918417135
108,2007-12-01,-3.171176118250351,-4.798133507010181,-3.977171927324733,-3.574174022787542,-4.195790730364113
108,2008-01-01,-0.4147632755288729,-1.7967197142124238,-1.392215575484042,-0.9034894255064574,5.863238437460128
108,2008-02-01,0.30106395260531393,-0.5453970743535494,-0.40910254826023507,-0.054019297827460566,11.717133570654692
108,2008-03-01,6.2506430473176025,4.237172613583588,4.141634778194719,5.196138912756161,5.1801623819417
108,2008-04-01,0.22998681095105983,-0.5980877260627304,-0.25409446464853724,-0.012053826848738708,3.7805932403926823
108,2008-05-01,3.7925257056521415,2.270420040286844,2.4585708082423428,3.1255482569472424,-4.135349799039522
108,2008-06-01,0.6209179313826915,0.17468157816831664,0.5634444560453182,0.5921811937140049,-1.0659874607340525
108,2008-07-01,0.0067601236075983985,-0.9809363884058895,-0.546274809000288,-0.2697573426963448,1.1790579327117579
108,2008-08-01,-0.3102460706559895,-1.0870707042644454,-0.9140251078810522,-0.6121355892685209,-8.434473355903261
108,2008-09-01,-2.228570121279997,-4.099917469542494,-3.2576641643480886,-2.743117142814043,-8.046665251860363
108,2008-10-01,-9.939642371858332,-11.505595066761646,-9.59376699821209,-9.766704685035211,-30.36389646512537
108,2008-11-01,-16.22774617771771,-19.91578512250742,-17.73149792635614,-16.979622052036923,-22.674322391890954
108,2008-12-01,-7.1760453578559105,-8.9249480115894,-8.431358084221714,-7.803701721038812,-17.353280524736913
108,2009-01-01,-11.520708725529529,-9.663685257518768,-8.097574127658529,-9.809141426594028,5.319170347219693
108,2009-02-01,-10.01812903959805,-8.442983523343777,-7.210624670501052,-8.614376855049551,2.654766716767587
108,2009-03-01,3.104708597139403,0.8175565746007312,0.8098597929632323,1.9572841950513176,13.046352058814016
108,2009-04-01,10.057856052775882,3.442344378443451,3.496383664885462,6.777119858830672,17.513213914937232
108,2009-05-01,10.74426604065839,6.012946139808135,5.940949057446921,8.342607549052655,3.301265455743363
108,2009-06-01,11.339213469806639,9.461719472294895,9.28398150421069,10.311597487008665,9.231270459417162
108,2009-07-01,2.691077783825178,2.6820335102775834,2.664325738844478,2.677701761334828,4.076495144928094
108,2009-08-01,7.793684384850689,4.368529780154052,4.319738950243686,6.056711667547187,18.38276632085507
108,2009-09-01,3.8340746486536235,2.451082825613285,2.434221965149529,3.1341483069015763,0.16587393935452166
108,2009-10-01,5.976014093890835,4.187925494485587,4.068163492371165,5.022088793131,1.836071942609574
108,2009-11-01,3.9421862337148585,3.547352577373819,3.5041702594631188,3.7231782465889887,6.0848254553186765
108,2009-12-01,9.365342888790055,7.0968920275432605,6.927561512597507,8.146452200693782,4.525251569495414
108,2010-01-01,2.414500215017747,0.77107165869748,0.7527528534717047,1.583626534244726,5.306813104740571
108,2010-02-01,-3.5598348190005353,-1.5586214624190926,-1.563825886408493,-2.561830352704514,-6.76242617662266
108,2010-03-01,4.4023392568344395,3.1708920685817006,3.1638064061392526,3.7830728314868463,8.860227247757901
108,2010-04-01,8.192995904692644,7.153115633724359,7.180512230132453,7.686754067412549,3.6286887793367084
108,2010-05-01,-0.5135155084010121,0.8647289962812108,0.7901955721370975,0.13834003186804267,-11.197955881545374
108,2010-06-01,-3.243572046859531,-1.870961967886073,-1.8956140075833972,-2.569593027221464,-5.423531318155728
108,2010-07-01,-3.7069810555239675,-2.33426376641455,-2.3313400456698057,-3.0191605505968866,3.710476048086786
108,2010-08-01,9.174026134343586,7.026525238962073,7.230464035172714,8.20224508475815,8.338225600705606
108,2010-09-01,1.2508852273960767,2.1363217508251866,2.09855541629175,1.6747203218439135,5.58871471817437
108,2010-10-01,9.45843973870976,7.767755276504783,7.845170208060178,8.65180497338497,7.335912671105382
108,2010-11-01,5.399458002436432,3.8907647160660415,3.8630214813439365,4.631239741890184,1.6985228358720406
108,2010-12-01,2.599917765798436,2.0835810779362363,2.1393530032244303,2.369635384511433,8.336895668956101
108,2011-01-01,8.26162630122519,6.843450637634775,6.949945944351681,7.605786122788436,4.241491099304162
108,2011-02-01,-0.5905116787604517,-0.7624512505308549,-0.7875500528057413,-0.6890308657830966,3.5959231785989143
108,2011-03-01,2.445451093763219,2.612142784051832,2.5864804193012136,2.515965756532216,-3.70947812009359
108,2011-04-01,2.4254151991211654,2.503616121535843,2.43101421664562,2.4282147078833924,-0.042176568916774126
108,2011-05-01,1.7245878166586803,2.4909735926216237,2.4840113102789485,2.1042995634688144,-5.6202700697432935
108,2011-06-01,-1.127698818486674,-1.179739234221513,-1.1507301535644925,-1.1392144860255833,1.1418218980814743
108,2011-07-01,1.1892710483604532,1.0947632971643466,1.0728844145131833,1.1310777314368181,6.495707653115068
108,2011-08-01,1.1917241029530736,1.9560177530234006,1.899143527068323,1.5454338150106983,-6.727154566759596
108,2011-09-01,-2.2974598782626683,-1.4431601851895959,-1.511642676461375,-1.9045512773620217,-7.704467066562382
108,2011-10-01,-10.736551562238983,-10.236164345991583,-9.946346233243295,-10.341448897741138,-10.993984056455897
108,2011-11-01,9.248096325784523,8.375216992266491,8.232664331109696,8.74038032844711,2.5862078918786002
108,2011-12-01,-0.38360341812747034,-0.7476365008689614,-0.6354728327955668,-0.5095381254615186,-0.21364274813283624
108,2012-01-01,-1.5243533721065308,-1.1131351525946223,-1.1176920363054983,-1.3210227042060145,6.15341278696484
108,2012-02-01,8.208315413339148,7.657929561665766,7.511990499188432,7.86015295626379,5.003418978556451
108,2012-03-01,0.8250041641544099,2.257814708380459,2.1337522159953877,1.4793781900748988,0.11961066291945599
108,2012-04-01,-0.5240882279636234,-0.39061731969050006,-0.551084833949097,-0.5375865309563602,-2.58012548410832
108,2012-05-01,1.3185708123419737,1.9921055009135205,1.8933516173921716,1.6059612148670728,-4.514040666505581
108,2012-06-01,-4.4596315034442116,-5.719149996996289,-5.798020494061092,-5.128825998752651,-5.557021622671265
108,2012-07-01,0.8783947469264759,1.6131168775785265,1.5355894780603914,1.2069921124934337,2.1628370138445208
108,2012-08-01,1.004539716344497,2.09177815270491,2.0368200405264716,1.5206798784354842,-0.904260258634626
108,2012-09-01,1.0802376645392149,0.9243303471803872,0.9065822576534565,0.9934099610963356,7.5441323084773915
108,2012-10-01,3.489373649401827,3.454630122824049,3.4027915597429157,3.4460826045723714,-0.33940026161006775
108,2012-11-01,0.779557098328343,1.1085819484626,0.958001766175447,0.8687794322518949,-4.3079927337777875
108,2012-12-01,0.2092789428819139,0.7809102021094043,0.6302431489378472,0.4197610459098805,3.2188126406837103
108,2013-01-01,0.9943126015657962,1.0392459932608542,1.0234950479866003,1.008903824776198,1.2906212996791844
108,2013-02-01,1.3052499945325462,1.8082498617986893,1.62401843607357,1.4646342153030583,0.21804130020457446
108,2013-03-01,-1.2423700662705588,-1.3384031288828702,-1.413655538007839,-1.3280128021391988,-5.2101323189349795
108,2013-04-01,-2.2031443545471188,-2.20111735984888,-2.242269147270572,-2.2227067509088454,-5.329308295250645
108,2013-05-01,-1.3629637700152,-1.2417178820112957,-1.38811323101801,-1.375538500516605,0.18452565065616433
108,2013-06-01,1.1997070014074702,-0.4111635040131316,-0.44883225627447243,0.3754373725664989,-3.398862776300726
108,2013-07-01,-2.7483379437502866,-1.986723464124176,-2.1878496614356457,-2.468093802592966,-1.4559368767931957
108,2013-08-01,2.7054809704150413,2.8577875990886286,2.903206827689977,2.804343899052509,4.2003723336021315
108,2013-09-01,1.8656745994600104,2.5116301754387678,2.4509863531340423,2.158330476297026,-0.572000088759661
108,2013-10-01,2.6882080658843464,4.243911343470596,3.993710480088135,3.3409592729862405,0.6631292440628211
108,2013-11-01,2.875092872774287,2.3879403125356315,2.3688579913076238,2.6219754320409554,-1.967500297054492
108,2013-12-01,0.11549068105979561,0.2625383562760788,0.22722308961298887,0.17135688533639223,2.002901345700625
108,2014-01-01,2.7382811691189444,3.3857046484651936,3.30191819409024,3.0200996816045924,0.8437246364835449
108,2014-02-01,-1.0753150546232788,-1.4341872398201692,-1.440914203252115,-1.258114628937697,-2.1928349650066625
108,2014-03-01,1.287681088664583,2.2787267931466904,2.3232014944437394,1.8054412915541613,-6.672187715665978
108,2014-04-01,-0.19949399878186974,1.2154282761560733,1.1253753558377673,0.46294067852794873,0.44685358812193154
108,2014-05-01,0.9294103744505977,1.2952179869742135,1.3350259918809804,1.1322181831657891,2.6796962914771516
108,2014-06-01,0.2769079391009867,1.653903842459806,1.663619669372871,0.9702638042369289,-0.7752922598948109
108,2014-07-01,0.7596505114719777,1.336649031754832,1.4146163041455386,1.0871334078087582,4.583005227764092
108,2014-08-01,1.5028503634525634,1.5023406540886928,1.4665667293722118,1.4847085464123877,-1.700370122022088
108,2014-09-01,-1.8411864245245766,-1.74985316197679,-1.6993284398616422,-1.7702574321931093,-1.98632217928697
108,2014-10-01,-1.7144283447075888,-2.2403060012675517,-2.213383205508236,-1.9639057751079125,-2.14743838894097
108,2014-11-01,-1.1998630934147607,-0.11521965234124631,-0.14941240598115302,-0.6746377496979569,-0.45757252725633357
108,2014-12-01,-1.8699177856053522,-3.0159939757892955,-2.884557916212634,-2.377237850908993,-4.048790641958244
108,2015-01-01,-3.020117822644656,-3.5592590767346675,-3.409924982571174,-3.215021402607915,-9.046509195385589
108,2015-02-01,-5.0957597731267255,-5.701255091791707,-5.57447832648807,-5.335119049807398,-1.782599503144977
108,2015-03-01,2.9714864762303232,3.5372288716234337,3.2889765203852095,3.1302314983077664,3.630017804207508
108,2015-04-01,-2.3378602969131155,-2.1984155554795772,-2.0740530044914185,-2.2059566507022668,1.7699861841543152
108,2015-05-01,4.505448396572896,5.424088270281731,4.90252673485946,4.703987565716178,4.354734140597483
108,2015-06-01,-1.2463702884859074,-0.8273376402246633,-0.5992343931878643,-0.9228023408368858,-7.182308622589106
108,2015-07-01,-2.6840767401542713,-2.9794880623692084,-2.552247361079793,-2.618162050617032,-6.384810340897296
108,2015-08-01,-6.4561682574701225,-6.075973904401553,-5.321105060795527,-5.888636659132825,-6.234551623676888
108,2015-09-01,-3.2973411498313157,-2.9138483493243488,-2.6192917429204905,-2.9583164463759033,1.5683017038108593
108,2015-10-01,-1.5019187256340814,-1.357992609173586,-1.315997805171282,-1.4089582654026818,0.07447868001622115
108,2015-11-01,2.3343550551758283,3.257787270078215,3.1968385404956545,2.7655967978357414,-8.128975463934218
108,2015-12-01,-4.302261932442607,-6.202680004958083,-5.374229985382188,-4.838245958912397,-2.930031121986376
108,2016-01-01,-1.3673154245808627,-2.2266976599300965,-2.0151567788128895,-1.6912361016968762,-3.588452293304878
108,2016-02-01,-5.086532942461089,-5.8629167770505015,-5.304152149283689,-5.195342545872389,2.5002660495316853
108,2016-03-01,3.6865591249292775,6.713806710498806,6.81835864495496,5.2524588849421185,7.586122051937405
108,2016-04-01,2.2016320510701024,6.935766706891175,7.022397521740954,4.6120147864055285,-1.6430937320441652
108,2016-05-01,4.082371120910921,7.696622322302196,8.080832358623153,6.081601739767037,-3.2780722281288366
108,2016-06-01,-2.1298478889116645,-4.961463658036842,-4.612148249675658,-3.3709980692936616,-1.1181770944852065
108,2016-07-01,0.05187966772218772,1.9756391783065341,2.2610799563074524,1.15647981201482,4.882842567795853
108,2016-08-01,0.37206819331830493,1.0078175635755175,1.284832252727695,0.828450223023,-2.5603109367845156
108,2016-09-01,-1.4597839217629125,-3.3175310165778367,-3.0679229223232247,-2.2638534220430686,-0.35871949784082036
108,2016-10-01,0.7802694331564088,2.6180688229034823,3.1073842294828165,1.9438268313196128,0.1941271928797672
108,2016-11-01,0.34048702522947044,1.1074396688362327,1.2311553421442132,0.7858211836868418,14.970702706335315
108,2016-12-01,1.475451299003985,5.003001062736968,5.203385111949525,3.339418205476755,3.5283826159343334
108,2017-01-01,-0.33737836002279864,-0.04107254697264151,0.3591802905159353,0.010900965246568334,1.9891835659252788
108,2017-02-01,1.9889641560982982,5.469012373779582,4.879729983738947,3.4343470699186227,3.208255431072793
108,2017-03-01,-1.2900958966989684,-0.4628375782688845,-0.4259199183697965,-0.8580079075343825,-1.7413389723282546
108,2017-04-01,-0.48904077457754225,-1.1823942182587726,-0.945452210491398,-0.7172464925344701,-2.345892317355225
108,2017-05-01,0.37928956463436564,0.2021947889408694,0.16813707420320856,0.27371331941878707,-1.4286391880733662
108,2017-06-01,-0.37141256582351023,-0.8082800986115369,-0.7600317233638866,-0.5657221445936984,2.010517361164843
108,2017-07-01,0.6756331169446416,1.833350422820678,1.7276708239443908,1.201651970444516,4.723596694110643
108,2017-08-01,1.8219316121728486,4.678852032248278,4.661659387216176,3.241795499694512,8.415710046550352
108,2017-09-01,2.221014627395108,3.3427063451073047,3.3261466848622914,2.7735806561286998,1.329680496072383
108,2017-10-01,-0.33972097797764284,-0.37291411648861417,-0.43542376480529,-0.3875723713914664,3.5486699170302005
108,2017-11-01,1.0601702837013338,2.1268451176430436,2.2533203281774,1.6567453059393669,0.19994048719771396
108,2017-12-01,0.33214424342752613,1.7036967741405964,1.7459663660761646,1.0390553047518454,0.5360854985239083
108,2018-01-01,3.770550489762831,5.54437113241902,5.0685900919224895,4.41957029084266,3.0894556148358454
108,2018-02-01,0.6830126614030165,1.7993935950272326,2.0887365421802797,1.3858746017916481,-0.8068176709216224
108,2018-03-01,0.883578081991135,-0.47265240185124746,-0.3903818268895949,0.24659812755077004,-3.1480360142646435
108,2018-04-01,0.18091318981017893,-1.1110051280578839,-1.22334174580863,-0.5212142779992255,0.7948873587739547
108,2018-05-01,1.5275491384506714,3.094299183188749,2.5730921067114254,2.050320622581048,-0.3865150022863584
108,2018-06-01,0.4897314958795024,-0.03377028952325811,0.08372637158806417,0.2867289337337833,1.8000762900450828
108,2018-07-01,0.4364807458067221,0.9565066731154113,0.8925107404540166,0.6644957431303693,-10.03170981299969
108,2018-08-01,-0.8750841271117422,-0.08913530158658589,0.001996437621590519,-0.43654384474507585,-3.1156066185988873
108,2018-09-01,-2.3124709947165023,-3.3294175915560036,-3.2584726584814714,-2.785471826598987,-0.16347821519446804
108,2018-10-01,0.7870109255477709,3.106809081329026,2.777376473309764,1.7821936994287675,2.5047943028081
108,2018-11-01,-0.6497690327176519,-2.2315412191190402,-2.2917928888795673,-1.4707809607986095,-0.5929854462649709
108,2018-12-01,0.367299935205608,0.17415523812318456,0.0024651596376248364,0.18488254742161642,-1.6659118382114535
108,2019-01-01,0.13939697017239472,-1.0883125111220464,-1.1141109392096882,-0.48735698451864673,-1.8602663619042836
108,2019-02-01,2.8125907925894893,4.922533220467837,4.458250801471129,3.635420797030309,5.487118649997047
108,2019-03-01,1.0200982528707359,1.6088674468849824,1.8613155248170195,1.4407068888438777,2.0563673741645694
108,2019-04-01,0.23865402788469703,0.8892668496917241,1.0141680331701501,0.6264110305274235,0.4852737829687426
108,2019-05-01,-0.7943755335955306,0.43280288175215026,0.6748328620290736,-0.05977133578322852,-6.371320497736832
108,2019-06-01,-1.6277039863240694,-3.8210967068810286,-3.5537967943998585,-2.590750390361964,-2.3051804581623037
108,2019-07-01,1.0726477728163997,3.123408097599433,3.313169392106145,2.192908582461272,0.9037415364401724
108,2019-08-01,-2.2361766939183942,-1.9909768429056989,-1.7229774079218547,-1.9795770509201245,-3.8429820197835918
108,2019-09-01,-3.068455079110587,-3.4131669642344935,-3.065584293916471,-3.067019686513529,1.0676721999486993
108,2019-10-01,0.9435613976329768,1.7803889467122958,1.3615498325248356,1.1525556150789062,-0.10136493502367339
108,2019-11-01,0.15009169163983593,-0.2701880555306817,-0.25117458072977117,-0.05054144454496762,1.7148131951491008
108,2019-12-01,0.15545198955749867,1.2055800613724228,1.163467233826386,0.6594596116919423,3.8939635165023745
108,2020-01-01,2.9053870583879315,4.404651386797725,4.300054408543112,3.602720733465522,-0.8239022413464636
108,2020-02-01,-0.5199924380793469,-4.2319640375852705,-3.917560352587006,-2.2187763953331765,-5.929726997990681
108,2020-03-01,-1.6253136884357322,-3.590216744625994,-4.018303340132101,-2.8218085142839167,-8.902155071163186
108,2020-04-01,-7.072099761452205,-9.90819061353173,-9.143502896400765,-8.107801328926485,-2.3497404141019085
108,2020-05-01,1.9382979681351897,-1.7622999239880426,-1.7636096510130406,0.08734415856107458,3.7785043213031777
108,2020-06-01,3.1830940332276043,6.4561861950775326,6.830916605730331,5.007005319478967,9.669906211163482
108,2020-07-01,-1.2711148400503938,4.472785562697983,4.08897340316533,1.408929281557468,10.445256735740948
108,2020-08-01,4.275661915129486,6.0364785900925915,6.205588755704361,5.240625335416924,2.004757957295955
108,2020-09-01,2.1740009654799075,2.7455755168519054,2.6451731780882355,2.4095870717840713,2.943792398542344
108,2020-10-01,-0.9987474799515763,-1.09409381668095,-0.45308086246283796,-0.7259141712072071,0.5249072114352327
108,2020-11-01,-0.3105441019119676,0.0649100446116262,-0.04166725358533108,-0.17610567774864933,5.211137804576582
108,2020-12-01,6.453588608294458,6.730395131117893,6.6126585558495385,6.533123582071998,10.028325547918659
108,2021-01-01,5.051158254948866,6.118775179475473,6.560918120831967,5.806038187890416,2.3318621264709627
108,2021-02-01,0.44098078787864226,0.7785895912428127,1.2795775417626147,0.8602791648206285,6.089184430356043
108,2021-03-01,5.7122676783510915,4.473969239610432,5.316287724183046,5.514277701267069,6.263654009791431
108,2021-04-01,0.4902856968544316,0.8953241301573962,0.07495461141320403,0.2826201541338178,3.232508257525768
108,2021-05-01,3.2934810322418757,3.3739974215156785,3.6812057121614954,3.4873433722016856,9.603548651374538
108,2021-06-01,3.017870648082743,2.4384527196792565,2.9616130205077686,2.9897418342952555,-5.030866698031389
108,2021-07-01,-0.3923037740213474,-0.8932787851700622,-1.2267567591620852,-0.8095302665917163,-1.9243650127050649
108,2021-08-01,0.9076904423475486,0.7360900992339952,0.5981911209147857,0.7529407816311671,-0.9278757032748941
108,2021-09-01,-1.3183511791163125,-1.2439902493622728,-1.9828865044721686,-1.6506188417942407,-0.563033721158468
108,2021-10-01,-0.4851575315091199,-1.1831600550566619,-1.8402688065383512,-1.1627131690237356,3.661634719856588
108,2021-11-01,1.6592350496880224,2.3719713803201725,2.6515542680220654,2.1553946588550437,-0.4256084640973379
108,2021-12-01,0.08408992922591157,0.05080277419440993,-0.07798679643183526,0.003051566397038158,-0.7526401705700181
108,2022-01-01,2.8211145237379003,2.4345378489378953,2.50772582590761,2.664420174822755,2.288642870857416
108,2022-02-01,1.4615788499365923,2.1242036613627437,3.0959999321126994,2.2787893910246457,1.582129390506526
108,2022-03-01,4.277912410530384,4.425221922423447,4.617326458358913,4.447619434444649,3.2286018398459237
108,2022-04-01,3.213989584419086,4.344234249441454,4.5060519916053146,3.8600207880122004,-0.6361303460405754
108,2022-05-01,-2.0757627592170294,-2.901694759811062,-2.9135649992848354,-2.4946638792509326,-7.832642124866728
108,2022-06-01,0.28132418490624045,1.4747036259261361,1.563015120218096,0.9221696525621682,-3.334996343655372
108,2022-07-01,-4.170229633565798,-3.4373943361343087,-3.6458885923764917,-3.908059112971145,-16.64833160352147
108,2022-08-01,-0.14001300779309855,-0.11840045039010594,-0.4255468481727017,-0.28277992798290014,5.6880028299651775
108,2022-09-01,-1.3580487723856942,0.9311527795806238,1.1192938915638069,-0.11937744041094367,-3.6121294472092336
108,2022-10-01,-4.779317356501943,-2.675444932686498,-2.7501941216008152,-3.7647557390513793,-1.0903452545202308
108,2022-11-01,2.01484970059324,2.9863975611916977,3.0094102904734696,2.512129995533355,5.849597370035298
108,2022-12-01,6.785600202810178,8.301536969935729,8.709589003737818,7.747594603273998,4.097571217588358
108,2023-01-01,0.6641974899342927,1.5042291882565366,1.8047986593566634,1.2344980746454781,7.542510854526041
108,2023-02-01,5.007769419832303,5.005708220777598,5.284231884243314,5.1460006520378085,-0.8672693366486128
108,2023-03-01,-1.8485867014778452,-1.478469466151966,-1.7395381179170215,-1.7940624096974334,-0.9269078352832749
108,2023-04-01,0.3465960410621882,1.4991783942458308,1.4620561677183255,0.9043261043902568,-0.5639396868381552
108,2023-05-01,-1.4808088048975636,-0.555982245869874,-0.8180008496165352,-1.1494048272570494,-6.171024384864121
108,2023-06-01,-3.1286331702692327,-2.0139477300618718,-2.4656840833763374,-2.7971586268227853,1.53852568716224
108,2023-07-01,3.0897541731316744,3.0041461774371836,3.210928405144462,3.150341289138068,1.2064604157138392
108,2023-08-01,1.0140517160298637,1.925416575795837,1.912318944633225,1.4631853303315443,-1.4214685188526088
108,2023-09-01,-1.7995898762512486,-1.2424101934280172,-1.4335585152647325,-1.6165741957579907,-0.8272396518963943
108,2023-10-01,-0.2122188769297348,-0.3532514687066335,-0.41688999507709257,-0.3145544360034137,-3.808177420991876
108,2023-11-01,-1.9269313414877984,-0.9784119335912042,-1.2272823162311424,-1.5771068288594705,3.1934992430812326
108,2023-12-01,2.1417085007116254,3.245629368680425,3.1967677743857763,2.669238137548701,2.685330344491299
108,2024-01-01,2.466518685586305,2.407905380683609,2.418037817948905,2.442278251767605,-0.6255566422343817
108,2024-02-01,-2.2906559979960424,-1.599879565696766,-1.9463118654591272,-2.1184839317275848,-0.5111972863475867
108,2024-03-01,-1.172485279868285,-0.4929761258673535,-0.9010362782291432,-1.036760779048714,4.607711555138749
108,2024-04-01,2.3932463831009665,2.781500851514931,2.843795255801323,2.6185208194511445,8.675968670140243
108,2024-05-01,1.8684744052179638,1.8766964166408127,2.253686152565296,2.06108027889163,7.007376595906312
108,2024-06-01,3.126678668541947,3.2143232920419,3.266135168351414,3.1964069184466806,-4.491303609577068
108,2024-07-01,-0.8984287738013195,-1.3606891447521234,-1.7929277180538006,-1.34567824592756,-2.5718027332092497
108,2024-08-01,-0.8718809851793972,-1.18274057666578,-1.4784089067195532,-1.1751449459494752,-4.42306635721621
108,2024-09-01,-0.24204901222968864,-0.2519554721405126,-0.49369259547768063,-0.36787080385368465,3.1226770284825456
108,2024-10-01,2.6567789037881155,2.9961544371968536,3.049141960584195,2.8529604321861552,3.0233287798065556
108,2024-11-01,-1.5618411628007658,-1.7476922462901179,-2.089513882890202,-1.825677522845484,-4.872862467249039
108,2024-12-01,0.027873285055205154,-0.4377391711889137,-0.8223660321404714,-0.39724637354263315,-1.8940191554308594
108,2025-01-01,-1.8428184085325527,-1.9738318842181592,-2.152651111390844,-1.9977347599616984,0.6906245740084804
108,2025-02-01,-0.07956564771810434,0.5416795210576052,0.43204346323367177,0.17623890775778372,3.648190167989962
108,2025-03-01,1.0773671662489126,1.2696530747918073,1.3584169395890457,1.2178920529189792,4.186263087614517
108,2025-04-01,1.46694165567213,1.580727232371798,1.79683944587388,1.6318905507730048,-5.828841254754469
108,2025-05-01,-1.3027496395789864,-1.0003939964580917,-1.2298179112818894,-1.266283775430438,3.597873638344229
108,2025-06-01,1.22280297026898,1.9616448616740212,1.9227142008913738,1.572758585580177,2.2169210407022133
108,2025-07-01,1.9632906610048908,2.383592916763495,2.437936903969268,2.2006137824870793,0.48904695728220204
108,2025-08-01,-0.21062508032253346,0.19069730828870102,-0.08901067283959108,-0.14981787658106227,-0.6364980559911637
108,2025-09-01,1.6511087360343748,1.6204571562325591,1.5710324391432033,1.611070587588789,3.211438834012559
108,2025-10-01,-0.14674956625989094,0.9850520517692822,0.7913029643583929,0.32227669904925094,7.078905173003802
108,2025-11-01,2.221405198758652,1.9179259632798147,2.089456382068132,2.155430790413392,0.7147605889717967
108,2025-12-01,1.2981462878788714,0.6798047568121351,0.5483834104161807,0.923264849147526,9.18493832155798
108,2026-01-01,3.7260306458628367,3.8402159801168234,4.214460161473418,3.970245403668127,9.799232982896022
108,2026-02-01,4.825706832192957,4.672719573111446,5.027560258424543,4.92663354530875,0.22101920836286038
120,2008-03-01,6.2506430473176025,4.237172613583588,4.141634778194719,5.196138912756161,5.1801623819417
120,2008-04-01,0.22998681095105983,-0.5980877260627304,-0.25409446464853724,-0.012053826848738708,3.7805932403926823
120,2008-05-01,3.7925257056521415,2.270420040286844,2.4585708082423428,3.1255482569472424,-4.135349799039522
120,2008-06-01,0.6209179313826915,0.17468157816831664,0.5634444560453182,0.5921811937140049,-1.0659874607340525
120,2008-07-01,0.0067601236075983985,-0.9809363884058895,-0.546274809000288,-0.2697573426963448,1.1790579327117579
120,2008-08-01,-0.3102460706559895,-1.0870707042644454,-0.9140251078810522,-0.6121355892685209,-8.434473355903261
120,2008-09-01,-2.228570121279997,-4.099917469542494,-3.2576641643480886,-2.743117142814043,-8.046665251860363
120,2008-10-01,-9.939642371858332,-11.505595066761646,-9.59376699821209,-9.766704685035211,-30.36389646512537
120,2008-11-01,-16.22774617771771,-19.91578512250742,-17.73149792635614,-16.979622052036923,-22.674322391890954
120,2008-12-01,-7.1760453578559105,-8.9249480115894,-8.431358084221714,-7.803701721038812,-17.353280524736913
120,2009-01-01,-11.520708725529529,-9.663685257518768,-8.097574127658529,-9.809141426594028,5.319170347219693
120,2009-02-01,-10.01812903959805,-8.442983523343777,-7.210624670501052,-8.614376855049551,2.654766716767587
120,2009-03-01,3.104708597139403,0.8175565746007312,0.8098597929632323,1.9572841950513176,13.046352058814016
120,2009-04-01,10.057856052775882,3.442344378443451,3.496383664885462,6.777119858830672,17.513213914937232
120,2009-05-01,10.74426604065839,6.012946139808135,5.940949057446921,8.342607549052655,3.301265455743363
120,2009-06-01,11.339213469806639,9.461719472294895,9.28398150421069,10.311597487008665,9.231270459417162
120,2009-07-01,2.691077783825178,2.6820335102775834,2.664325738844478,2.677701761334828,4.076495144928094
120,2009-08-01,7.793684384850689,4.368529780154052,4.319738950243686,6.056711667547187,18.38276632085507
120,2009-09-01,3.8340746486536235,2.451082825613285,2.434221965149529,3.1341483069015763,0.16587393935452166
120,2009-10-01,5.976014093890835,4.187925494485587,4.068163492371165,5.022088793131,1.836071942609574
120,2009-11-01,3.9421862337148585,3.547352577373819,3.5041702594631188,3.7231782465889887,6.0848254553186765
120,2009-12-01,9.365342888790055,7.0968920275432605,6.927561512597507,8.146452200693782,4.525251569495414
120,2010-01-01,2.414500215017747,0.77107165869748,0.7527528534717047,1.583626534244726,5.306813104740571
120,2010-02-01,-3.5598348190005353,-1.5586214624190926,-1.563825886408493,-2.561830352704514,-6.76242617662266
120,2010-03-01,4.4023392568344395,3.1708920685817006,3.1638064061392526,3.7830728314868463,8.860227247757901
120,2010-04-01,8.192995904692644,7.153115633724359,7.180512230132453,7.686754067412549,3.6286887793367084
120,2010-05-01,-0.5135155084010121,0.8647289962812108,0.7901955721370975,0.13834003186804267,-11.197955881545374
120,2010-06-01,-3.243572046859531,-1.870961967886073,-1.8956140075833972,-2.569593027221464,-5.423531318155728
120,2010-07-01,-3.7069810555239675,-2.33426376641455,-2.3313400456698057,-3.0191605505968866,3.710476048086786
120,2010-08-01,9.174026134343586,7.026525238962073,7.230464035172714,8.20224508475815,8.338225600705606
120,2010-09-01,1.2508852273960767,2.1363217508251866,2.09855541629175,1.6747203218439135,5.58871471817437
120,2010-10-01,9.45843973870976,7.767755276504783,7.845170208060178,8.65180497338497,7.335912671105382
120,2010-11-01,5.399458002436432,3.8907647160660415,3.8630214813439365,4.631239741890184,1.6985228358720406
120,2010-12-01,2.599917765798436,2.0835810779362363,2.1393530032244303,2.369635384511433,8.336895668956101
120,2011-01-01,8.26162630122519,6.843450637634775,6.949945944351681,7.605786122788436,4.241491099304162
120,2011-02-01,-0.5905116787604517,-0.7624512505308549,-0.7875500528057413,-0.6890308657830966,3.5959231785989143
120,2011-03-01,2.445451093763219,2.612142784051832,2.5864804193012136,2.515965756532216,-3.70947812009359
120,2011-04-01,2.4254151991211654,2.503616121535843,2.43101421664562,2.4282147078833924,-0.042176568916774126
120,2011-05-01,1.7245878166586803,2.4909735926216237,2.4840113102789485,2.1042995634688144,-5.6202700697432935
120,2011-06-01,-1.127698818486674,-1.179739234221513,-1.1507301535644925,-1.1392144860255833,1.1418218980814743
120,2011-07-01,1.1892710483604532,1.0947632971643466,1.0728844145131833,1.1310777314368181,6.495707653115068
120,2011-08-01,1.1917241029530736,1.9560177530234006,1.899143527068323,1.5454338150106983,-6.727154566759596
120,2011-09-01,-2.2974598782626683,-1.4431601851895959,-1.511642676461375,-1.9045512773620217,-7.704467066562382
120,2011-10-01,-10.736551562238983,-10.236164345991583,-9.946346233243295,-10.341448897741138,-10.993984056455897
120,2011-11-01,9.248096325784523,8.375216992266491,8.232664331109696,8.74038032844711,2.5862078918786002
120,2011-12-01,-0.38360341812747034,-0.7476365008689614,-0.6354728327955668,-0.5095381254615186,-0.21364274813283624
120,2012-01-01,-1.5243533721065308,-1.1131351525946223,-1.1176920363054983,-1.3210227042060145,6.15341278696484
120,2012-02-01,8.208315413339148,7.657929561665766,7.511990499188432,7.86015295626379,5.003418978556451
120,2012-03-01,0.8250041641544099,2.257814708380459,2.1337522159953877,1.4793781900748988,0.11961066291945599
120,2012-04-01,-0.5240882279636234,-0.39061731969050006,-0.551084833949097,-0.5375865309563602,-2.58012548410832
120,2012-05-01,1.3185708123419737,1.9921055009135205,1.8933516173921716,1.6059612148670728,-4.514040666505581
120,2012-06-01,-4.4596315034442116,-5.719149996996289,-5.798020494061092,-5.128825998752651,-5.557021622671265
120,2012-07-01,0.8783947469264759,1.6131168775785265,1.5355894780603914,1.2069921124934337,2.1628370138445208
120,2012-08-01,1.004539716344497,2.09177815270491,2.0368200405264716,1.5206798784354842,-0.904260258634626
120,2012-09-01,1.0802376645392149,0.9243303471803872,0.9065822576534565,0.9934099610963356,7.5441323084773915
120,2012-10-01,3.489373649401827,3.454630122824049,3.4027915597429157,3.4460826045723714,-0.33940026161006775
120,2012-11-01,0.779557098328343,1.1085819484626,0.958001766175447,0.8687794322518949,-4.3079927337777875
120,2012-12-01,0.2092789428819139,0.7809102021094043,0.6302431489378472,0.4197610459098805,3.2188126406837103
120,2013-01-01,0.9943126015657962,1.0392459932608542,1.0234950479866003,1.008903824776198,1.2906212996791844
120,2013-02-01,1.3052499945325462,1.8082498617986893,1.62401843607357,1.4646342153030583,0.21804130020457446
120,2013-03-01,-1.2423700662705588,-1.3384031288828702,-1.413655538007839,-1.3280128021391988,-5.2101323189349795
120,2013-04-01,-2.2031443545471188,-2.20111735984888,-2.242269147270572,-2.2227067509088454,-5.329308295250645
120,2013-05-01,-1.3629637700152,-1.2417178820112957,-1.38811323101801,-1.375538500516605,0.18452565065616433
120,2013-06-01,1.1997070014074702,-0.4111635040131316,-0.44883225627447243,0.3754373725664989,-3.398862776300726
120,2013-07-01,-2.7483379437502866,-1.986723464124176,-2.1878496614356457,-2.468093802592966,-1.4559368767931957
120,2013-08-01,2.7054809704150413,2.8577875990886286,2.903206827689977,2.804343899052509,4.2003723336021315
120,2013-09-01,1.8656745994600104,2.5116301754387678,2.4509863531340423,2.158330476297026,-0.572000088759661
120,2013-10-01,2.6882080658843464,4.243911343470596,3.993710480088135,3.3409592729862405,0.6631292440628211
120,2013-11-01,2.875092872774287,2.3879403125356315,2.3688579913076238,2.6219754320409554,-1.967500297054492
120,2013-12-01,0.11549068105979561,0.2625383562760788,0.22722308961298887,0.17135688533639223,2.002901345700625
120,2014-01-01,2.7382811691189444,3.3857046484651936,3.30191819409024,3.0200996816045924,0.8437246364835449
120,2014-02-01,-1.0753150546232788,-1.4341872398201692,-1.440914203252115,-1.258114628937697,-2.1928349650066625
120,2014-03-01,1.287681088664583,2.2787267931466904,2.3232014944437394,1.8054412915541613,-6.672187715665978
120,2014-04-01,-0.19949399878186974,1.2154282761560733,1.1253753558377673,0.46294067852794873,0.44685358812193154
120,2014-05-01,0.9294103744505977,1.2952179869742135,1.3350259918809804,1.1322181831657891,2.6796962914771516
120,2014-06-01,0.2769079391009867,1.653903842459806,1.663619669372871,0.9702638042369289,-0.7752922598948109
120,2014-07-01,0.7596505114719777,1.336649031754832,1.4146163041455386,1.0871334078087582,4.583005227764092
120,2014-08-01,1.5028503634525634,1.5023406540886928,1.4665667293722118,1.4847085464123877,-1.700370122022088
120,2014-09-01,-1.8411864245245766,-1.74985316197679,-1.6993284398616422,-1.7702574321931093,-1.98632217928697
120,2014-10-01,-1.7144283447075888,-2.2403060012675517,-2.213383205508236,-1.9639057751079125,-2.14743838894097
120,2014-11-01,-1.1998630934147607,-0.11521965234124631,-0.14941240598115302,-0.6746377496979569,-0.45757252725633357
120,2014-12-01,-1.8699177856053522,-3.0159939757892955,-2.884557916212634,-2.377237850908993,-4.048790641958244
120,2015-01-01,-3.020117822644656,-3.5592590767346675,-3.409924982571174,-3.215021402607915,-9.046509195385589
120,2015-02-01,-5.0957597731267255,-5.701255091791707,-5.57447832648807,-5.335119049807398,-1.782599503144977
120,2015-03-01,2.9714864762303232,3.5372288716234337,3.2889765203852095,3.1302314983077664,3.630017804207508
120,2015-04-01,-2.3378602969131155,-2.1984155554795772,-2.0740530044914185,-2.2059566507022668,1.7699861841543152
120,2015-05-01,4.505448396572896,5.424088270281731,4.90252673485946,4.703987565716178,4.354734140597483
120,2015-06-01,-1.2463702884859074,-0.8273376402246633,-0.5992343931878643,-0.9228023408368858,-7.182308622589106
120,2015-07-01,-2.6840767401542713,-2.9794880623692084,-2.552247361079793,-2.618162050617032,-6.384810340897296
120,2015-08-01,-6.4561682574701225,-6.075973904401553,-5.321105060795527,-5.888636659132825,-6.234551623676888
120,2015-09-01,-3.2973411498313157,-2.9138483493243488,-2.6192917429204905,-2.9583164463759033,1.5683017038108593
120,2015-10-01,-1.5019187256340814,-1.357992609173586,-1.315997805171282,-1.4089582654026818,0.07447868001622115
120,2015-11-01,2.3343550551758283,3.257787270078215,3.1968385404956545,2.7655967978357414,-8.128975463934218
120,2015-12-01,-4.302261932442607,-6.202680004958083,-5.374229985382188,-4.838245958912397,-2.930031121986376
120,2016-01-01,-1.3673154245808627,-2.2266976599300965,-2.0151567788128895,-1.6912361016968762,-3.588452293304878
120,2016-02-01,-5.086532942461089,-5.8629167770505015,-5.304152149283689,-5.195342545872389,2.5002660495316853
120,2016-03-01,3.6865591249292775,6.713806710498806,6.81835864495496,5.2524588849421185,7.586122051937405
120,2016-04-01,2.2016320510701024,6.935766706891175,7.022397521740954,4.6120147864055285,-1.6430937320441652
120,2016-05-01,4.082371120910921,7.696622322302196,8.080832358623153,6.081601739767037,-3.2780722281288366
120,2016-06-01,-2.1298478889116645,-4.961463658036842,-4.612148249675658,-3.3709980692936616,-1.1181770944852065
120,2016-07-01,0.05187966772218772,1.9756391783065341,2.2610799563074524,1.15647981201482,4.882842567795853
120,2016-08-01,0.37206819331830493,1.0078175635755175,1.284832252727695,0.828450223023,-2.5603109367845156
120,2016-09-01,-1.4597839217629125,-3.3175310165778367,-3.0679229223232247,-2.2638534220430686,-0.35871949784082036
120,2016-10-01,0.7802694331564088,2.6180688229034823,3.1073842294828165,1.9438268313196128,0.1941271928797672
120,2016-11-01,0.34048702522947044,1.1074396688362327,1.2311553421442132,0.7858211836868418,14.970702706335315
120,2016-12-01,1.475451299003985,5.003001062736968,5.203385111949525,3.339418205476755,3.5283826159343334
120,2017-01-01,-0.33737836002279864,-0.04107254697264151,0.3591802905159353,0.010900965246568334,1.9891835659252788
120,2017-02-01,1.9889641560982982,5.469012373779582,4.879729983738947,3.4343470699186227,3.208255431072793
120,2017-03-01,-1.2900958966989684,-0.4628375782688845,-0.4259199183697965,-0.8580079075343825,-1.7413389723282546
120,2017-04-01,-0.48904077457754225,-1.1823942182587726,-0.945452210491398,-0.7172464925344701,-2.345892317355225
120,2017-05-01,0.37928956463436564,0.2021947889408694,0.16813707420320856,0.27371331941878707,-1.4286391880733662
120,2017-06-01,-0.37141256582351023,-0.8082800986115369,-0.7600317233638866,-0.5657221445936984,2.010517361164843
120,2017-07-01,0.6756331169446416,1.833350422820678,1.7276708239443908,1.201651970444516,4.723596694110643
120,2017-08-01,1.8219316121728486,4.678852032248278,4.661659387216176,3.241795499694512,8.415710046550352
120,2017-09-01,2.221014627395108,3.3427063451073047,3.3261466848622914,2.7735806561286998,1.329680496072383
120,2017-10-01,-0.33972097797764284,-0.37291411648861417,-0.43542376480529,-0.3875723713914664,3.5486699170302005
120,2017-11-01,1.0601702837013338,2.1268451176430436,2.2533203281774,1.6567453059393669,0.19994048719771396
120,2017-12-01,0.33214424342752613,1.7036967741405964,1.7459663660761646,1.0390553047518454,0.5360854985239083
120,2018-01-01,3.770550489762831,5.54437113241902,5.0685900919224895,4.41957029084266,3.0894556148358454
120,2018-02-01,0.6830126614030165,1.7993935950272326,2.0887365421802797,1.3858746017916481,-0.8068176709216224
120,2018-03-01,0.883578081991135,-0.47265240185124746,-0.3903818268895949,0.24659812755077004,-3.1480360142646435
120,2018-04-01,0.18091318981017893,-1.1110051280578839,-1.22334174580863,-0.5212142779992255,0.7948873587739547
120,2018-05-01,1.5275491384506714,3.094299183188749,2.5730921067114254,2.050320622581048,-0.3865150022863584
120,2018-06-01,0.4897314958795024,-0.03377028952325811,0.08372637158806417,0.2867289337337833,1.8000762900450828
120,2018-07-01,0.4364807458067221,0.9565066731154113,0.8925107404540166,0.6644957431303693,-10.03170981299969
120,2018-08-01,-0.8750841271117422,-0.08913530158658589,0.001996437621590519,-0.43654384474507585,-3.1156066185988873
120,2018-09-01,-2.3124709947165023,-3.3294175915560036,-3.2584726584814714,-2.785471826598987,-0.16347821519446804
120,2018-10-01,0.7870109255477709,3.106809081329026,2.777376473309764,1.7821936994287675,2.5047943028081
120,2018-11-01,-0.6497690327176519,-2.2315412191190402,-2.2917928888795673,-1.4707809607986095,-0.5929854462649709
120,2018-12-01,0.367299935205608,0.17415523812318456,0.0024651596376248364,0.18488254742161642,-1.6659118382114535
120,2019-01-01,0.13939697017239472,-1.0883125111220464,-1.1141109392096882,-0.48735698451864673,-1.8602663619042836
120,2019-02-01,2.8125907925894893,4.922533220467837,4.458250801471129,3.635420797030309,5.487118649997047
120,2019-03-01,1.0200982528707359,1.6088674468849824,1.8613155248170195,1.4407068888438777,2.0563673741645694
120,2019-04-01,0.23865402788469703,0.8892668496917241,1.0141680331701501,0.6264110305274235,0.4852737829687426
120,2019-05-01,-0.7943755335955306,0.43280288175215026,0.6748328620290736,-0.05977133578322852,-6.371320497736832
120,2019-06-01,-1.6277039863240694,-3.8210967068810286,-3.5537967943998585,-2.590750390361964,-2.3051804581623037
120,2019-07-01,1.0726477728163997,3.123408097599433,3.313169392106145,2.192908582461272,0.9037415364401724
120,2019-08-01,-2.2361766939183942,-1.9909768429056989,-1.7229774079218547,-1.9795770509201245,-3.8429820197835918
120,2019-09-01,-3.068455079110587,-3.4131669642344935,-3.065584293916471,-3.067019686513529,1.0676721999486993
120,2019-10-01,0.9435613976329768,1.7803889467122958,1.3615498325248356,1.1525556150789062,-0.10136493502367339
120,2019-11-01,0.15009169163983593,-0.2701880555306817,-0.25117458072977117,-0.05054144454496762,1.7148131951491008
120,2019-12-01,0.15545198955749867,1.2055800613724228,1.163467233826386,0.6594596116919423,3.8939635165023745
120,2020-01-01,2.9053870583879315,4.404651386797725,4.300054408543112,3.602720733465522,-0.8239022413464636
120,2020-02-01,-0.5199924380793469,-4.2319640375852705,-3.917560352587006,-2.2187763953331765,-5.929726997990681
120,2020-03-01,-1.6253136884357322,-3.590216744625994,-4.018303340132101,-2.8218085142839167,-8.902155071163186
120,2020-04-01,-7.072099761452205,-9.90819061353173,-9.143502896400765,-8.107801328926485,-2.3497404141019085
120,2020-05-01,1.9382979681351897,-1.7622999239880426,-1.7636096510130406,0.08734415856107458,3.7785043213031777
120,2020-06-01,3.1830940332276043,6.4561861950775326,6.830916605730331,5.007005319478967,9.669906211163482
120,2020-07-01,-1.2711148400503938,4.472785562697983,4.08897340316533,1.408929281557468,10.445256735740948
120,2020-08-01,4.275661915129486,6.0364785900925915,6.205588755704361,5.240625335416924,2.004757957295955
120,2020-09-01,2.1740009654799075,2.7455755168519054,2.6451731780882355,2.4095870717840713,2.943792398542344
120,2020-10-01,-0.9987474799515763,-1.09409381668095,-0.45308086246283796,-0.7259141712072071,0.5249072114352327
120,2020-11-01,-0.3105441019119676,0.0649100446116262,-0.04166725358533108,-0.17610567774864933,5.211137804576582
120,2020-12-01,6.453588608294458,6.730395131117893,6.6126585558495385,6.533123582071998,10.028325547918659
120,2021-01-01,5.051158254948866,6.118775179475473,6.560918120831967,5.806038187890416,2.3318621264709627
120,2021-02-01,0.44098078787864226,0.7785895912428127,1.2795775417626147,0.8602791648206285,6.089184430356043
120,2021-03-01,5.7122676783510915,4.473969239610432,5.316287724183046,5.514277701267069,6.263654009791431
120,2021-04-01,0.4902856968544316,0.8953241301573962,0.07495461141320403,0.2826201541338178,3.232508257525768
120,2021-05-01,3.2934810322418757,3.3739974215156785,3.6812057121614954,3.4873433722016856,9.603548651374538
120,2021-06-01,3.017870648082743,2.4384527196792565,2.9616130205077686,2.9897418342952555,-5.030866698031389
120,2021-07-01,-0.3923037740213474,-0.8932787851700622,-1.2267567591620852,-0.8095302665917163,-1.9243650127050649
120,2021-08-01,0.9076904423475486,0.7360900992339952,0.5981911209147857,0.7529407816311671,-0.9278757032748941
120,2021-09-01,-1.3183511791163125,-1.2439902493622728,-1.9828865044721686,-1.6506188417942407,-0.563033721158468
120,2021-10-01,-0.4851575315091199,-1.1831600550566619,-1.8402688065383512,-1.1627131690237356,3.661634719856588
120,2021-11-01,1.6592350496880224,2.3719713803201725,2.6515542680220654,2.1553946588550437,-0.4256084640973379
120,2021-12-01,0.08408992922591157,0.05080277419440993,-0.07798679643183526,0.003051566397038158,-0.7526401705700181
120,2022-01-01,2.8211145237379003,2.4345378489378953,2.50772582590761,2.664420174822755,2.288642870857416
120,2022-02-01,1.4615788499365923,2.1242036613627437,3.0959999321126994,2.2787893910246457,1.582129390506526
120,2022-03-01,4.277912410530384,4.425221922423447,4.617326458358913,4.447619434444649,3.2286018398459237
120,2022-04-01,3.213989584419086,4.344234249441454,4.5060519916053146,3.8600207880122004,-0.6361303460405754
120,2022-05-01,-2.0757627592170294,-2.901694759811062,-2.9135649992848354,-2.4946638792509326,-7.832642124866728
120,2022-06-01,0.28132418490624045,1.4747036259261361,1.563015120218096,0.9221696525621682,-3.334996343655372
120,2022-07-01,-4.170229633565798,-3.4373943361343087,-3.6458885923764917,-3.908059112971145,-16.64833160352147
120,2022-08-01,-0.14001300779309855,-0.11840045039010594,-0.4255468481727017,-0.28277992798290014,5.6880028299651775
120,2022-09-01,-1.3580487723856942,0.9311527795806238,1.1192938915638069,-0.11937744041094367,-3.6121294472092336
120,2022-10-01,-4.779317356501943,-2.675444932686498,-2.7501941216008152,-3.7647557390513793,-1.0903452545202308
120,2022-11-01,2.01484970059324,2.9863975611916977,3.0094102904734696,2.512129995533355,5.849597370035298
120,2022-12-01,6.785600202810178,8.301536969935729,8.709589003737818,7.747594603273998,4.097571217588358
120,2023-01-01,0.6641974899342927,1.5042291882565366,1.8047986593566634,1.2344980746454781,7.542510854526041
120,2023-02-01,5.007769419832303,5.005708220777598,5.284231884243314,5.1460006520378085,-0.8672693366486128
120,2023-03-01,-1.8485867014778452,-1.478469466151966,-1.7395381179170215,-1.7940624096974334,-0.9269078352832749
120,2023-04-01,0.3465960410621882,1.4991783942458308,1.4620561677183255,0.9043261043902568,-0.5639396868381552
120,2023-05-01,-1.4808088048975636,-0.555982245869874,-0.8180008496165352,-1.1494048272570494,-6.171024384864121
120,2023-06-01,-3.1286331702692327,-2.0139477300618718,-2.4656840833763374,-2.7971586268227853,1.53852568716224
120,2023-07-01,3.0897541731316744,3.0041461774371836,3.210928405144462,3.150341289138068,1.2064604157138392
120,2023-08-01,1.0140517160298637,1.925416575795837,1.912318944633225,1.4631853303315443,-1.4214685188526088
120,2023-09-01,-1.7995898762512486,-1.2424101934280172,-1.4335585152647325,-1.6165741957579907,-0.8272396518963943
120,2023-10-01,-0.2122188769297348,-0.3532514687066335,-0.41688999507709257,-0.3145544360034137,-3.808177420991876
120,2023-11-01,-1.9269313414877984,-0.9784119335912042,-1.2272823162311424,-1.5771068288594705,3.1934992430812326
120,2023-12-01,2.1417085007116254,3.245629368680425,3.1967677743857763,2.669238137548701,2.685330344491299
120,2024-01-01,2.466518685586305,2.407905380683609,2.418037817948905,2.442278251767605,-0.6255566422343817
120,2024-02-01,-2.2906559979960424,-1.599879565696766,-1.9463118654591272,-2.1184839317275848,-0.5111972863475867
120,2024-03-01,-1.172485279868285,-0.4929761258673535,-0.9010362782291432,-1.036760779048714,4.607711555138749
120,2024-04-01,2.3932463831009665,2.781500851514931,2.843795255801323,2.6185208194511445,8.675968670140243
120,2024-05-01,1.8684744052179638,1.8766964166408127,2.253686152565296,2.06108027889163,7.007376595906312
120,2024-06-01,3.126678668541947,3.2143232920419,3.266135168351414,3.1964069184466806,-4.491303609577068
120,2024-07-01,-0.8984287738013195,-1.3606891447521234,-1.7929277180538006,-1.34567824592756,-2.5718027332092497
120,2024-08-01,-0.8718809851793972,-1.18274057666578,-1.4784089067195532,-1.1751449459494752,-4.42306635721621
120,2024-09-01,-0.24204901222968864,-0.2519554721405126,-0.49369259547768063,-0.36787080385368465,3.1226770284825456
120,2024-10-01,2.6567789037881155,2.9961544371968536,3.049141960584195,2.8529604321861552,3.0233287798065556
120,2024-11-01,-1.5618411628007658,-1.7476922462901179,-2.089513882890202,-1.825677522845484,-4.872862467249039
120,2024-12-01,0.027873285055205154,-0.4377391711889137,-0.8223660321404714,-0.39724637354263315,-1.8940191554308594
120,2025-01-01,-1.8428184085325527,-1.9738318842181592,-2.152651111390844,-1.9977347599616984,0.6906245740084804
120,2025-02-01,-0.07956564771810434,0.5416795210576052,0.43204346323367177,0.17623890775778372,3.648190167989962
120,2025-03-01,1.0773671662489126,1.2696530747918073,1.3584169395890457,1.2178920529189792,4.186263087614517
120,2025-04-01,1.46694165567213,1.580727232371798,1.79683944587388,1.6318905507730048,-5.828841254754469
120,2025-05-01,-1.3027496395789864,-1.0003939964580917,-1.2298179112818894,-1.266283775430438,3.597873638344229
120,2025-06-01,1.22280297026898,1.9616448616740212,1.9227142008913738,1.572758585580177,2.2169210407022133
120,2025-07-01,1.9632906610048908,2.383592916763495,2.437936903969268,2.2006137824870793,0.48904695728220204
120,2025-08-01,-0.21062508032253346,0.19069730828870102,-0.08901067283959108,-0.14981787658106227,-0.6364980559911637
120,2025-09-01,1.6511087360343748,1.6204571562325591,1.5710324391432033,1.611070587588789,3.211438834012559
120,2025-10-01,-0.14674956625989094,0.9850520517692822,0.7913029643583929,0.32227669904925094,7.078905173003802
120,2025-11-01,2.221405198758652,1.9179259632798147,2.089456382068132,2.155430790413392,0.7147605889717967
120,2025-12-01,1.2981462878788714,0.6798047568121351,0.5483834104161807,0.923264849147526,9.18493832155798
120,2026-01-01,3.7260306458628367,3.8402159801168234,4.214460161473418,3.970245403668127,9.799232982896022
120,2026-02-01,4.825706832192957,4.672719573111446,5.027560258424543,4.92663354530875,0.22101920836286038
132,2009-03-01,3.104708597139403,0.8175565746007312,0.8098597929632323,1.9572841950513176,13.046352058814016
132,2009-04-01,10.057856052775882,3.442344378443451,3.496383664885462,6.777119858830672,17.513213914937232
132,2009-05-01,10.74426604065839,6.012946139808135,5.940949057446921,8.342607549052655,3.301265455743363
132,2009-06-01,11.339213469806639,9.461719472294895,9.28398150421069,10.311597487008665,9.231270459417162
132,2009-07-01,2.691077783825178,2.6820335102775834,2.664325738844478,2.677701761334828,4.076495144928094
132,2009-08-01,7.793684384850689,4.368529780154052,4.319738950243686,6.056711667547187,18.38276632085507
132,2009-09-01,3.8340746486536235,2.451082825613285,2.434221965149529,3.1341483069015763,0.16587393935452166
132,2009-10-01,5.976014093890835,4.187925494485587,4.068163492371165,5.022088793131,1.836071942609574
132,2009-11-01,3.9421862337148585,3.547352577373819,3.5041702594631188,3.7231782465889887,6.0848254553186765
132,2009-12-01,9.365342888790055,7.0968920275432605,6.927561512597507,8.146452200693782,4.525251569495414
132,2010-01-01,2.414500215017747,0.77107165869748,0.7527528534717047,1.583626534244726,5.306813104740571
132,2010-02-01,-3.5598348190005353,-1.5586214624190926,-1.563825886408493,-2.561830352704514,-6.76242617662266
132,2010-03-01,4.4023392568344395,3.1708920685817006,3.1638064061392526,3.7830728314868463,8.860227247757901
132,2010-04-01,8.192995904692644,7.153115633724359,7.180512230132453,7.686754067412549,3.6286887793367084
132,2010-05-01,-0.5135155084010121,0.8647289962812108,0.7901955721370975,0.13834003186804267,-11.197955881545374
132,2010-06-01,-3.243572046859531,-1.870961967886073,-1.8956140075833972,-2.569593027221464,-5.423531318155728
132,2010-07-01,-3.7069810555239675,-2.33426376641455,-2.3313400456698057,-3.0191605505968866,3.710476048086786
132,2010-08-01,9.174026134343586,7.026525238962073,7.230464035172714,8.20224508475815,8.338225600705606
132,2010-09-01,1.2508852273960767,2.1363217508251866,2.09855541629175,1.6747203218439135,5.58871471817437
132,2010-10-01,9.45843973870976,7.767755276504783,7.845170208060178,8.65180497338497,7.335912671105382
132,2010-11-01,5.399458002436432,3.8907647160660415,3.8630214813439365,4.631239741890184,1.6985228358720406
132,2010-12-01,2.599917765798436,2.0835810779362363,2.1393530032244303,2.369635384511433,8.336895668956101
132,2011-01-01,8.26162630122519,6.843450637634775,6.949945944351681,7.605786122788436,4.241491099304162
132,2011-02-01,-0.5905116787604517,-0.7624512505308549,-0.7875500528057413,-0.6890308657830966,3.5959231785989143
132,2011-03-01,2.445451093763219,2.612142784051832,2.5864804193012136,2.515965756532216,-3.70947812009359
132,2011-04-01,2.4254151991211654,2.503616121535843,2.43101421664562,2.4282147078833924,-0.042176568916774126
132,2011-05-01,1.7245878166586803,2.4909735926216237,2.4840113102789485,2.1042995634688144,-5.6202700697432935
132,2011-06-01,-1.127698818486674,-1.179739234221513,-1.1507301535644925,-1.1392144860255833,1.1418218980814743
132,2011-07-01,1.1892710483604532,1.0947632971643466,1.0728844145131833,1.1310777314368181,6.495707653115068
132,2011-08-01,1.1917241029530736,1.9560177530234006,1.899143527068323,1.5454338150106983,-6.727154566759596
132,2011-09-01,-2.2974598782626683,-1.4431601851895959,-1.511642676461375,-1.9045512773620217,-7.704467066562382
132,2011-10-01,-10.736551562238983,-10.236164345991583,-9.946346233243295,-10.341448897741138,-10.993984056455897
132,2011-11-01,9.248096325784523,8.375216992266491,8.232664331109696,8.74038032844711,2.5862078918786002
132,2011-12-01,-0.38360341812747034,-0.7476365008689614,-0.6354728327955668,-0.5095381254615186,-0.21364274813283624
132,2012-01-01,-1.5243533721065308,-1.1131351525946223,-1.1176920363054983,-1.3210227042060145,6.15341278696484
132,2012-02-01,8.208315413339148,7.657929561665766,7.511990499188432,7.86015295626379,5.003418978556451
132,2012-03-01,0.8250041641544099,2.257814708380459,2.1337522159953877,1.4793781900748988,0.11961066291945599
132,2012-04-01,-0.5240882279636234,-0.39061731969050006,-0.551084833949097,-0.5375865309563602,-2.58012548410832
132,2012-05-01,1.3185708123419737,1.9921055009135205,1.8933516173921716,1.6059612148670728,-4.514040666505581
132,2012-06-01,-4.4596315034442116,-5.719149996996289,-5.798020494061092,-5.128825998752651,-5.557021622671265
132,2012-07-01,0.8783947469264759,1.6131168775785265,1.5355894780603914,1.2069921124934337,2.1628370138445208
132,2012-08-01,1.004539716344497,2.09177815270491,2.0368200405264716,1.5206798784354842,-0.904260258634626
132,2012-09-01,1.0802376645392149,0.9243303471803872,0.9065822576534565,0.9934099610963356,7.5441323084773915
132,2012-10-01,3.489373649401827,3.454630122824049,3.4027915597429157,3.4460826045723714,-0.33940026161006775
132,2012-11-01,0.779557098328343,1.1085819484626,0.958001766175447,0.8687794322518949,-4.3079927337777875
132,2012-12-01,0.2092789428819139,0.7809102021094043,0.6302431489378472,0.4197610459098805,3.2188126406837103
132,2013-01-01,0.9943126015657962,1.0392459932608542,1.0234950479866003,1.008903824776198,1.2906212996791844
132,2013-02-01,1.3052499945325462,1.8082498617986893,1.62401843607357,1.4646342153030583,0.21804130020457446
132,2013-03-01,-1.2423700662705588,-1.3384031288828702,-1.413655538007839,-1.3280128021391988,-5.2101323189349795
132,2013-04-01,-2.2031443545471188,-2.20111735984888,-2.242269147270572,-2.2227067509088454,-5.329308295250645
132,2013-05-01,-1.3629637700152,-1.2417178820112957,-1.38811323101801,-1.375538500516605,0.18452565065616433
132,2013-06-01,1.1997070014074702,-0.4111635040131316,-0.44883225627447243,0.3754373725664989,-3.398862776300726
132,2013-07-01,-2.7483379437502866,-1.986723464124176,-2.1878496614356457,-2.468093802592966,-1.4559368767931957
132,2013-08-01,2.7054809704150413,2.8577875990886286,2.903206827689977,2.804343899052509,4.2003723336021315
132,2013-09-01,1.8656745994600104,2.5116301754387678,2.4509863531340423,2.158330476297026,-0.572000088759661
132,2013-10-01,2.6882080658843464,4.243911343470596,3.993710480088135,3.3409592729862405,0.6631292440628211
132,2013-11-01,2.875092872774287,2.3879403125356315,2.3688579913076238,2.6219754320409554,-1.967500297054492
132,2013-12-01,0.11549068105979561,0.2625383562760788,0.22722308961298887,0.17135688533639223,2.002901345700625
132,2014-01-01,2.7382811691189444,3.3857046484651936,3.30191819409024,3.0200996816045924,0.8437246364835449
132,2014-02-01,-1.0753150546232788,-1.4341872398201692,-1.440914203252115,-1.258114628937697,-2.1928349650066625
132,2014-03-01,1.287681088664583,2.2787267931466904,2.3232014944437394,1.8054412915541613,-6.672187715665978
132,2014-04-01,-0.19949399878186974,1.2154282761560733,1.1253753558377673,0.46294067852794873,0.44685358812193154
132,2014-05-01,0.9294103744505977,1.2952179869742135,1.3350259918809804,1.1322181831657891,2.6796962914771516
132,2014-06-01,0.2769079391009867,1.653903842459806,1.663619669372871,0.9702638042369289,-0.7752922598948109
132,2014-07-01,0.7596505114719777,1.336649031754832,1.4146163041455386,1.0871334078087582,4.583005227764092
132,2014-08-01,1.5028503634525634,1.5023406540886928,1.4665667293722118,1.4847085464123877,-1.700370122022088
132,2014-09-01,-1.8411864245245766,-1.74985316197679,-1.6993284398616422,-1.7702574321931093,-1.98632217928697
132,2014-10-01,-1.7144283447075888,-2.2403060012675517,-2.213383205508236,-1.9639057751079125,-2.14743838894097
132,2014-11-01,-1.1998630934147607,-0.11521965234124631,-0.14941240598115302,-0.6746377496979569,-0.45757252725633357
132,2014-12-01,-1.8699177856053522,-3.0159939757892955,-2.884557916212634,-2.377237850908993,-4.048790641958244
132,2015-01-01,-3.020117822644656,-3.5592590767346675,-3.409924982571174,-3.215021402607915,-9.046509195385589
132,2015-02-01,-5.0957597731267255,-5.701255091791707,-5.57447832648807,-5.335119049807398,-1.782599503144977
132,2015-03-01,2.9714864762303232,3.5372288716234337,3.2889765203852095,3.1302314983077664,3.630017804207508
132,2015-04-01,-2.3378602969131155,-2.1984155554795772,-2.0740530044914185,-2.2059566507022668,1.7699861841543152
132,2015-05-01,4.505448396572896,5.424088270281731,4.90252673485946,4.703987565716178,4.354734140597483
132,2015-06-01,-1.2463702884859074,-0.8273376402246633,-0.5992343931878643,-0.9228023408368858,-7.182308622589106
132,2015-07-01,-2.6840767401542713,-2.9794880623692084,-2.552247361079793,-2.618162050617032,-6.384810340897296
132,2015-08-01,-6.4561682574701225,-6.075973904401553,-5.321105060795527,-5.888636659132825,-6.234551623676888
132,2015-09-01,-3.2973411498313157,-2.9138483493243488,-2.6192917429204905,-2.9583164463759033,1.5683017038108593
132,2015-10-01,-1.5019187256340814,-1.357992609173586,-1.315997805171282,-1.4089582654026818,0.07447868001622115
132,2015-11-01,2.3343550551758283,3.257787270078215,3.1968385404956545,2.7655967978357414,-8.128975463934218
132,2015-12-01,-4.302261932442607,-6.202680004958083,-5.374229985382188,-4.838245958912397,-2.930031121986376
132,2016-01-01,-1.3673154245808627,-2.2266976599300965,-2.0151567788128895,-1.6912361016968762,-3.588452293304878
132,2016-02-01,-5.086532942461089,-5.8629167770505015,-5.304152149283689,-5.195342545872389,2.5002660495316853
132,2016-03-01,3.6865591249292775,6.713806710498806,6.81835864495496,5.2524588849421185,7.586122051937405
132,2016-04-01,2.2016320510701024,6.935766706891175,7.022397521740954,4.6120147864055285,-1.6430937320441652
132,2016-05-01,4.082371120910921,7.696622322302196,8.080832358623153,6.081601739767037,-3.2780722281288366
132,2016-06-01,-2.1298478889116645,-4.961463658036842,-4.612148249675658,-3.3709980692936616,-1.1181770944852065
132,2016-07-01,0.05187966772218772,1.9756391783065341,2.2610799563074524,1.15647981201482,4.882842567795853
132,2016-08-01,0.37206819331830493,1.0078175635755175,1.284832252727695,0.828450223023,-2.5603109367845156
132,2016-09-01,-1.4597839217629125,-3.3175310165778367,-3.0679229223232247,-2.2638534220430686,-0.35871949784082036
132,2016-10-01,0.7802694331564088,2.6180688229034823,3.1073842294828165,1.9438268313196128,0.1941271928797672
132,2016-11-01,0.34048702522947044,1.1074396688362327,1.2311553421442132,0.7858211836868418,14.970702706335315
132,2016-12-01,1.475451299003985,5.003001062736968,5.203385111949525,3.339418205476755,3.5283826159343334
132,2017-01-01,-0.33737836002279864,-0.04107254697264151,0.3591802905159353,0.010900965246568334,1.9891835659252788
132,2017-02-01,1.9889641560982982,5.469012373779582,4.879729983738947,3.4343470699186227,3.208255431072793
132,2017-03-01,-1.2900958966989684,-0.4628375782688845,-0.4259199183697965,-0.8580079075343825,-1.7413389723282546
132,2017-04-01,-0.48904077457754225,-1.1823942182587726,-0.945452210491398,-0.7172464925344701,-2.345892317355225
132,2017-05-01,0.37928956463436564,0.2021947889408694,0.16813707420320856,0.27371331941878707,-1.4286391880733662
132,2017-06-01,-0.37141256582351023,-0.8082800986115369,-0.7600317233638866,-0.5657221445936984,2.010517361164843
132,2017-07-01,0.6756331169446416,1.833350422820678,1.7276708239443908,1.201651970444516,4.723596694110643
132,2017-08-01,1.8219316121728486,4.678852032248278,4.661659387216176,3.241795499694512,8.415710046550352
132,2017-09-01,2.221014627395108,3.3427063451073047,3.3261466848622914,2.7735806561286998,1.329680496072383
132,2017-10-01,-0.33972097797764284,-0.37291411648861417,-0.43542376480529,-0.3875723713914664,3.5486699170302005
132,2017-11-01,1.0601702837013338,2.1268451176430436,2.2533203281774,1.6567453059393669,0.19994048719771396
132,2017-12-01,0.33214424342752613,1.7036967741405964,1.7459663660761646,1.0390553047518454,0.5360854985239083
132,2018-01-01,3.770550489762831,5.54437113241902,5.0685900919224895,4.41957029084266,3.0894556148358454
132,2018-02-01,0.6830126614030165,1.7993935950272326,2.0887365421802797,1.3858746017916481,-0.8068176709216224
132,2018-03-01,0.883578081991135,-0.47265240185124746,-0.3903818268895949,0.24659812755077004,-3.1480360142646435
132,2018-04-01,0.18091318981017893,-1.1110051280578839,-1.22334174580863,-0.5212142779992255,0.7948873587739547
132,2018-05-01,1.5275491384506714,3.094299183188749,2.5730921067114254,2.050320622581048,-0.3865150022863584
132,2018-06-01,0.4897314958795024,-0.03377028952325811,0.08372637158806417,0.2867289337337833,1.8000762900450828
132,2018-07-01,0.4364807458067221,0.9565066731154113,0.8925107404540166,0.6644957431303693,-10.03170981299969
132,2018-08-01,-0.8750841271117422,-0.08913530158658589,0.001996437621590519,-0.43654384474507585,-3.1156066185988873
132,2018-09-01,-2.3124709947165023,-3.3294175915560036,-3.2584726584814714,-2.785471826598987,-0.16347821519446804
132,2018-10-01,0.7870109255477709,3.106809081329026,2.777376473309764,1.7821936994287675,2.5047943028081
132,2018-11-01,-0.6497690327176519,-2.2315412191190402,-2.2917928888795673,-1.4707809607986095,-0.5929854462649709
132,2018-12-01,0.367299935205608,0.17415523812318456,0.0024651596376248364,0.18488254742161642,-1.6659118382114535
132,2019-01-01,0.13939697017239472,-1.0883125111220464,-1.1141109392096882,-0.48735698451864673,-1.8602663619042836
132,2019-02-01,2.8125907925894893,4.922533220467837,4.458250801471129,3.635420797030309,5.487118649997047
132,2019-03-01,1.0200982528707359,1.6088674468849824,1.8613155248170195,1.4407068888438777,2.0563673741645694
132,2019-04-01,0.23865402788469703,0.8892668496917241,1.0141680331701501,0.6264110305274235,0.4852737829687426
132,2019-05-01,-0.7943755335955306,0.43280288175215026,0.6748328620290736,-0.05977133578322852,-6.371320497736832
132,2019-06-01,-1.6277039863240694,-3.8210967068810286,-3.5537967943998585,-2.590750390361964,-2.3051804581623037
132,2019-07-01,1.0726477728163997,3.123408097599433,3.313169392106145,2.192908582461272,0.9037415364401724
132,2019-08-01,-2.2361766939183942,-1.9909768429056989,-1.7229774079218547,-1.9795770509201245,-3.8429820197835918
132,2019-09-01,-3.068455079110587,-3.4131669642344935,-3.065584293916471,-3.067019686513529,1.0676721999486993
132,2019-10-01,0.9435613976329768,1.7803889467122958,1.3615498325248356,1.1525556150789062,-0.10136493502367339
132,2019-11-01,0.15009169163983593,-0.2701880555306817,-0.25117458072977117,-0.05054144454496762,1.7148131951491008
132,2019-12-01,0.15545198955749867,1.2055800613724228,1.163467233826386,0.6594596116919423,3.8939635165023745
132,2020-01-01,2.9053870583879315,4.404651386797725,4.300054408543112,3.602720733465522,-0.8239022413464636
132,2020-02-01,-0.5199924380793469,-4.2319640375852705,-3.917560352587006,-2.2187763953331765,-5.929726997990681
132,2020-03-01,-1.6253136884357322,-3.590216744625994,-4.018303340132101,-2.8218085142839167,-8.902155071163186
132,2020-04-01,-7.072099761452205,-9.90819061353173,-9.143502896400765,-8.107801328926485,-2.3497404141019085
132,2020-05-01,1.9382979681351897,-1.7622999239880426,-1.7636096510130406,0.08734415856107458,3.7785043213031777
132,2020-06-01,3.1830940332276043,6.4561861950775326,6.830916605730331,5.007005319478967,9.669906211163482
132,2020-07-01,-1.2711148400503938,4.472785562697983,4.08897340316533,1.408929281557468,10.445256735740948
132,2020-08-01,4.275661915129486,6.0364785900925915,6.205588755704361,5.240625335416924,2.004757957295955
132,2020-09-01,2.1740009654799075,2.7455755168519054,2.6451731780882355,2.4095870717840713,2.943792398542344
132,2020-10-01,-0.9987474799515763,-1.09409381668095,-0.45308086246283796,-0.7259141712072071,0.5249072114352327
132,2020-11-01,-0.3105441019119676,0.0649100446116262,-0.04166725358533108,-0.17610567774864933,5.211137804576582
132,2020-12-01,6.453588608294458,6.730395131117893,6.6126585558495385,6.533123582071998,10.028325547918659
132,2021-01-01,5.051158254948866,6.118775179475473,6.560918120831967,5.806038187890416,2.3318621264709627
132,2021-02-01,0.44098078787864226,0.7785895912428127,1.2795775417626147,0.8602791648206285,6.089184430356043
132,2021-03-01,5.7122676783510915,4.473969239610432,5.316287724183046,5.514277701267069,6.263654009791431
132,2021-04-01,0.4902856968544316,0.8953241301573962,0.07495461141320403,0.2826201541338178,3.232508257525768
132,2021-05-01,3.2934810322418757,3.3739974215156785,3.6812057121614954,3.4873433722016856,9.603548651374538
132,2021-06-01,3.017870648082743,2.4384527196792565,2.9616130205077686,2.9897418342952555,-5.030866698031389
132,2021-07-01,-0.3923037740213474,-0.8932787851700622,-1.2267567591620852,-0.8095302665917163,-1.9243650127050649
132,2021-08-01,0.9076904423475486,0.7360900992339952,0.5981911209147857,0.7529407816311671,-0.9278757032748941
132,2021-09-01,-1.3183511791163125,-1.2439902493622728,-1.9828865044721686,-1.6506188417942407,-0.563033721158468
132,2021-10-01,-0.4851575315091199,-1.1831600550566619,-1.8402688065383512,-1.1627131690237356,3.661634719856588
132,2021-11-01,1.6592350496880224,2.3719713803201725,2.6515542680220654,2.1553946588550437,-0.4256084640973379
132,2021-12-01,0.08408992922591157,0.05080277419440993,-0.07798679643183526,0.003051566397038158,-0.7526401705700181
132,2022-01-01,2.8211145237379003,2.4345378489378953,2.50772582590761,2.664420174822755,2.288642870857416
132,2022-02-01,1.4615788499365923,2.1242036613627437,3.0959999321126994,2.2787893910246457,1.582129390506526
132,2022-03-01,4.277912410530384,4.425221922423447,4.617326458358913,4.447619434444649,3.2286018398459237
132,2022-04-01,3.213989584419086,4.344234249441454,4.5060519916053146,3.8600207880122004,-0.6361303460405754
132,2022-05-01,-2.0757627592170294,-2.901694759811062,-2.9135649992848354,-2.4946638792509326,-7.832642124866728
132,2022-06-01,0.28132418490624045,1.4747036259261361,1.563015120218096,0.9221696525621682,-3.334996343655372
132,2022-07-01,-4.170229633565798,-3.4373943361343087,-3.6458885923764917,-3.908059112971145,-16.64833160352147
132,2022-08-01,-0.14001300779309855,-0.11840045039010594,-0.4255468481727017,-0.28277992798290014,5.6880028299651775
132,2022-09-01,-1.3580487723856942,0.9311527795806238,1.1192938915638069,-0.11937744041094367,-3.6121294472092336
132,2022-10-01,-4.779317356501943,-2.675444932686498,-2.7501941216008152,-3.7647557390513793,-1.0903452545202308
132,2022-11-01,2.01484970059324,2.9863975611916977,3.0094102904734696,2.512129995533355,5.849597370035298
132,2022-12-01,6.785600202810178,8.301536969935729,8.709589003737818,7.747594603273998,4.097571217588358
132,2023-01-01,0.6641974899342927,1.5042291882565366,1.8047986593566634,1.2344980746454781,7.542510854526041
132,2023-02-01,5.007769419832303,5.005708220777598,5.284231884243314,5.1460006520378085,-0.8672693366486128
132,2023-03-01,-1.8485867014778452,-1.478469466151966,-1.7395381179170215,-1.7940624096974334,-0.9269078352832749
132,2023-04-01,0.3465960410621882,1.4991783942458308,1.4620561677183255,0.9043261043902568,-0.5639396868381552
132,2023-05-01,-1.4808088048975636,-0.555982245869874,-0.8180008496165352,-1.1494048272570494,-6.171024384864121
132,2023-06-01,-3.1286331702692327,-2.0139477300618718,-2.4656840833763374,-2.7971586268227853,1.53852568716224
132,2023-07-01,3.0897541731316744,3.0041461774371836,3.210928405144462,3.150341289138068,1.2064604157138392
132,2023-08-01,1.0140517160298637,1.925416575795837,1.912318944633225,1.4631853303315443,-1.4214685188526088
132,2023-09-01,-1.7995898762512486,-1.2424101934280172,-1.4335585152647325,-1.6165741957579907,-0.8272396518963943
132,2023-10-01,-0.2122188769297348,-0.3532514687066335,-0.41688999507709257,-0.3145544360034137,-3.808177420991876
132,2023-11-01,-1.9269313414877984,-0.9784119335912042,-1.2272823162311424,-1.5771068288594705,3.1934992430812326
132,2023-12-01,2.1417085007116254,3.245629368680425,3.1967677743857763,2.669238137548701,2.685330344491299
132,2024-01-01,2.466518685586305,2.407905380683609,2.418037817948905,2.442278251767605,-0.6255566422343817
132,2024-02-01,-2.2906559979960424,-1.599879565696766,-1.9463118654591272,-2.1184839317275848,-0.5111972863475867
132,2024-03-01,-1.172485279868285,-0.4929761258673535,-0.9010362782291432,-1.036760779048714,4.607711555138749
132,2024-04-01,2.3932463831009665,2.781500851514931,2.843795255801323,2.6185208194511445,8.675968670140243
132,2024-05-01,1.8684744052179638,1.8766964166408127,2.253686152565296,2.06108027889163,7.007376595906312
132,2024-06-01,3.126678668541947,3.2143232920419,3.266135168351414,3.1964069184466806,-4.491303609577068
132,2024-07-01,-0.8984287738013195,-1.3606891447521234,-1.7929277180538006,-1.34567824592756,-2.5718027332092497
132,2024-08-01,-0.8718809851793972,-1.18274057666578,-1.4784089067195532,-1.1751449459494752,-4.42306635721621
132,2024-09-01,-0.24204901222968864,-0.2519554721405126,-0.49369259547768063,-0.36787080385368465,3.1226770284825456
132,2024-10-01,2.6567789037881155,2.9961544371968536,3.049141960584195,2.8529604321861552,3.0233287798065556
132,2024-11-01,-1.5618411628007658,-1.7476922462901179,-2.089513882890202,-1.825677522845484,-4.872862467249039
132,2024-12-01,0.027873285055205154,-0.4377391711889137,-0.8223660321404714,-0.39724637354263315,-1.8940191554308594
132,2025-01-01,-1.8428184085325527,-1.9738318842181592,-2.152651111390844,-1.9977347599616984,0.6906245740084804
132,2025-02-01,-0.07956564771810434,0.5416795210576052,0.43204346323367177,0.17623890775778372,3.648190167989962
132,2025-03-01,1.0773671662489126,1.2696530747918073,1.3584169395890457,1.2178920529189792,4.186263087614517
132,2025-04-01,1.46694165567213,1.580727232371798,1.79683944587388,1.6318905507730048,-5.828841254754469
132,2025-05-01,-1.3027496395789864,-1.0003939964580917,-1.2298179112818894,-1.266283775430438,3.597873638344229
132,2025-06-01,1.22280297026898,1.9616448616740212,1.9227142008913738,1.572758585580177,2.2169210407022133
132,2025-07-01,1.9632906610048908,2.383592916763495,2.437936903969268,2.2006137824870793,0.48904695728220204
132,2025-08-01,-0.21062508032253346,0.19069730828870102,-0.08901067283959108,-0.14981787658106227,-0.6364980559911637
132,2025-09-01,1.6511087360343748,1.6204571562325591,1.5710324391432033,1.611070587588789,3.211438834012559
132,2025-10-01,-0.14674956625989094,0.9850520517692822,0.7913029643583929,0.32227669904925094,7.078905173003802
132,2025-11-01,2.221405198758652,1.9179259632798147,2.089456382068132,2.155430790413392,0.7147605889717967
132,2025-12-01,1.2981462878788714,0.6798047568121351,0.5483834104161807,0.923264849147526,9.18493832155798
132,2026-01-01,3.7260306458628367,3.8402159801168234,4.214460161473418,3.970245403668127,9.799232982896022
132,2026-02-01,4.825706832192957,4.672719573111446,5.027560258424543,4.92663354530875,0.22101920836286038
144,2010-03-01,4.4023392568344395,3.1708920685817006,3.1638064061392526,3.7830728314868463,8.860227247757901
144,2010-04-01,8.192995904692644,7.153115633724359,7.180512230132453,7.686754067412549,3.6286887793367084
144,2010-05-01,-0.5135155084010121,0.8647289962812108,0.7901955721370975,0.13834003186804267,-11.197955881545374
144,2010-06-01,-3.243572046859531,-1.870961967886073,-1.8956140075833972,-2.569593027221464,-5.423531318155728
144,2010-07-01,-3.7069810555239675,-2.33426376641455,-2.3313400456698057,-3.0191605505968866,3.710476048086786
144,2010-08-01,9.174026134343586,7.026525238962073,7.230464035172714,8.20224508475815,8.338225600705606
144,2010-09-01,1.2508852273960767,2.1363217508251866,2.09855541629175,1.6747203218439135,5.58871471817437
144,2010-10-01,9.45843973870976,7.767755276504783,7.845170208060178,8.65180497338497,7.335912671105382
144,2010-11-01,5.399458002436432,3.8907647160660415,3.8630214813439365,4.631239741890184,1.6985228358720406
144,2010-12-01,2.599917765798436,2.0835810779362363,2.1393530032244303,2.369635384511433,8.336895668956101
144,2011-01-01,8.26162630122519,6.843450637634775,6.949945944351681,7.605786122788436,4.241491099304162
144,2011-02-01,-0.5905116787604517,-0.7624512505308549,-0.7875500528057413,-0.6890308657830966,3.5959231785989143
144,2011-03-01,2.445451093763219,2.612142784051832,2.5864804193012136,2.515965756532216,-3.70947812009359
144,2011-04-01,2.4254151991211654,2.503616121535843,2.43101421664562,2.4282147078833924,-0.042176568916774126
144,2011-05-01,1.7245878166586803,2.4909735926216237,2.4840113102789485,2.1042995634688144,-5.6202700697432935
144,2011-06-01,-1.127698818486674,-1.179739234221513,-1.1507301535644925,-1.1392144860255833,1.1418218980814743
144,2011-07-01,1.1892710483604532,1.0947632971643466,1.0728844145131833,1.1310777314368181,6.495707653115068
144,2011-08-01,1.1917241029530736,1.9560177530234006,1.899143527068323,1.5454338150106983,-6.727154566759596
144,2011-09-01,-2.2974598782626683,-1.4431601851895959,-1.511642676461375,-1.9045512773620217,-7.704467066562382
144,2011-10-01,-10.736551562238983,-10.236164345991583,-9.946346233243295,-10.341448897741138,-10.993984056455897
144,2011-11-01,9.248096325784523,8.375216992266491,8.232664331109696,8.74038032844711,2.5862078918786002
144,2011-12-01,-0.38360341812747034,-0.7476365008689614,-0.6354728327955668,-0.5095381254615186,-0.21364274813283624
144,2012-01-01,-1.5243533721065308,-1.1131351525946223,-1.1176920363054983,-1.3210227042060145,6.15341278696484
144,2012-02-01,8.208315413339148,7.657929561665766,7.511990499188432,7.86015295626379,5.003418978556451
144,2012-03-01,0.8250041641544099,2.257814708380459,2.1337522159953877,1.4793781900748988,0.11961066291945599
144,2012-04-01,-0.5240882279636234,-0.39061731969050006,-0.551084833949097,-0.5375865309563602,-2.58012548410832
144,2012-05-01,1.3185708123419737,1.9921055009135205,1.8933516173921716,1.6059612148670728,-4.514040666505581
144,2012-06-01,-4.4596315034442116,-5.719149996996289,-5.798020494061092,-5.128825998752651,-5.557021622671265
144,2012-07-01,0.8783947469264759,1.6131168775785265,1.5355894780603914,1.2069921124934337,2.1628370138445208
144,2012-08-01,1.004539716344497,2.09177815270491,2.0368200405264716,1.5206798784354842,-0.904260258634626
144,2012-09-01,1.0802376645392149,0.9243303471803872,0.9065822576534565,0.9934099610963356,7.5441323084773915
144,2012-10-01,3.489373649401827,3.454630122824049,3.4027915597429157,3.4460826045723714,-0.33940026161006775
144,2012-11-01,0.779557098328343,1.1085819484626,0.958001766175447,0.8687794322518949,-4.3079927337777875
144,2012-12-01,0.2092789428819139,0.7809102021094043,0.6302431489378472,0.4197610459098805,3.2188126406837103
144,2013-01-01,0.9943126015657962,1.0392459932608542,1.0234950479866003,1.008903824776198,1.2906212996791844
144,2013-02-01,1.3052499945325462,1.8082498617986893,1.62401843607357,1.4646342153030583,0.21804130020457446
144,2013-03-01,-1.2423700662705588,-1.3384031288828702,-1.413655538007839,-1.3280128021391988,-5.2101323189349795
144,2013-04-01,-2.2031443545471188,-2.20111735984888,-2.242269147270572,-2.2227067509088454,-5.329308295250645
144,2013-05-01,-1.3629637700152,-1.2417178820112957,-1.38811323101801,-1.375538500516605,0.18452565065616433
144,2013-06-01,1.1997070014074702,-0.4111635040131316,-0.44883225627447243,0.3754373725664989,-3.398862776300726
144,2013-07-01,-2.7483379437502866,-1.986723464124176,-2.1878496614356457,-2.468093802592966,-1.4559368767931957
144,2013-08-01,2.7054809704150413,2.8577875990886286,2.903206827689977,2.804343899052509,4.2003723336021315
144,2013-09-01,1.8656745994600104,2.5116301754387678,2.4509863531340423,2.158330476297026,-0.572000088759661
144,2013-10-01,2.6882080658843464,4.243911343470596,3.993710480088135,3.3409592729862405,0.6631292440628211
144,2013-11-01,2.875092872774287,2.3879403125356315,2.3688579913076238,2.6219754320409554,-1.967500297054492
144,2013-12-01,0.11549068105979561,0.2625383562760788,0.22722308961298887,0.17135688533639223,2.002901345700625
144,2014-01-01,2.7382811691189444,3.3857046484651936,3.30191819409024,3.0200996816045924,0.8437246364835449
144,2014-02-01,-1.0753150546232788,-1.4341872398201692,-1.440914203252115,-1.258114628937697,-2.1928349650066625
144,2014-03-01,1.287681088664583,2.2787267931466904,2.3232014944437394,1.8054412915541613,-6.672187715665978
144,2014-04-01,-0.19949399878186974,1.2154282761560733,1.1253753558377673,0.46294067852794873,0.44685358812193154
144,2014-05-01,0.9294103744505977,1.2952179869742135,1.3350259918809804,1.1322181831657891,2.6796962914771516
144,2014-06-01,0.2769079391009867,1.653903842459806,1.663619669372871,0.9702638042369289,-0.7752922598948109
144,2014-07-01,0.7596505114719777,1.336649031754832,1.4146163041455386,1.0871334078087582,4.583005227764092
144,2014-08-01,1.5028503634525634,1.5023406540886928,1.4665667293722118,1.4847085464123877,-1.700370122022088
144,2014-09-01,-1.8411864245245766,-1.74985316197679,-1.6993284398616422,-1.7702574321931093,-1.98632217928697
144,2014-10-01,-1.7144283447075888,-2.2403060012675517,-2.213383205508236,-1.9639057751079125,-2.14743838894097
144,2014-11-01,-1.1998630934147607,-0.11521965234124631,-0.14941240598115302,-0.6746377496979569,-0.45757252725633357
144,2014-12-01,-1.8699177856053522,-3.0159939757892955,-2.884557916212634,-2.377237850908993,-4.048790641958244
144,2015-01-01,-3.020117822644656,-3.5592590767346675,-3.409924982571174,-3.215021402607915,-9.046509195385589
144,2015-02-01,-5.0957597731267255,-5.701255091791707,-5.57447832648807,-5.335119049807398,-1.782599503144977
144,2015-03-01,2.9714864762303232,3.5372288716234337,3.2889765203852095,3.1302314983077664,3.630017804207508
144,2015-04-01,-2.3378602969131155,-2.1984155554795772,-2.0740530044914185,-2.2059566507022668,1.7699861841543152
144,2015-05-01,4.505448396572896,5.424088270281731,4.90252673485946,4.703987565716178,4.354734140597483
144,2015-06-01,-1.2463702884859074,-0.8273376402246633,-0.5992343931878643,-0.9228023408368858,-7.182308622589106
144,2015-07-01,-2.6840767401542713,-2.9794880623692084,-2.552247361079793,-2.618162050617032,-6.384810340897296
144,2015-08-01,-6.4561682574701225,-6.075973904401553,-5.321105060795527,-5.888636659132825,-6.234551623676888
144,2015-09-01,-3.2973411498313157,-2.9138483493243488,-2.6192917429204905,-2.9583164463759033,1.5683017038108593
144,2015-10-01,-1.5019187256340814,-1.357992609173586,-1.315997805171282,-1.4089582654026818,0.07447868001622115
144,2015-11-01,2.3343550551758283,3.257787270078215,3.1968385404956545,2.7655967978357414,-8.128975463934218
144,2015-12-01,-4.302261932442607,-6.202680004958083,-5.374229985382188,-4.838245958912397,-2.930031121986376
144,2016-01-01,-1.3673154245808627,-2.2266976599300965,-2.0151567788128895,-1.6912361016968762,-3.588452293304878
144,2016-02-01,-5.086532942461089,-5.8629167770505015,-5.304152149283689,-5.195342545872389,2.5002660495316853
144,2016-03-01,3.6865591249292775,6.713806710498806,6.81835864495496,5.2524588849421185,7.586122051937405
144,2016-04-01,2.2016320510701024,6.935766706891175,7.022397521740954,4.6120147864055285,-1.6430937320441652
144,2016-05-01,4.082371120910921,7.696622322302196,8.080832358623153,6.081601739767037,-3.2780722281288366
144,2016-06-01,-2.1298478889116645,-4.961463658036842,-4.612148249675658,-3.3709980692936616,-1.1181770944852065
144,2016-07-01,0.05187966772218772,1.9756391783065341,2.2610799563074524,1.15647981201482,4.882842567795853
144,2016-08-01,0.37206819331830493,1.0078175635755175,1.284832252727695,0.828450223023,-2.5603109367845156
144,2016-09-01,-1.4597839217629125,-3.3175310165778367,-3.0679229223232247,-2.2638534220430686,-0.35871949784082036
144,2016-10-01,0.7802694331564088,2.6180688229034823,3.1073842294828165,1.9438268313196128,0.1941271928797672
144,2016-11-01,0.34048702522947044,1.1074396688362327,1.2311553421442132,0.7858211836868418,14.970702706335315
144,2016-12-01,1.475451299003985,5.003001062736968,5.203385111949525,3.339418205476755,3.5283826159343334
144,2017-01-01,-0.33737836002279864,-0.04107254697264151,0.3591802905159353,0.010900965246568334,1.9891835659252788
144,2017-02-01,1.9889641560982982,5.469012373779582,4.879729983738947,3.4343470699186227,3.208255431072793
144,2017-03-01,-1.2900958966989684,-0.4628375782688845,-0.4259199183697965,-0.8580079075343825,-1.7413389723282546
144,2017-04-01,-0.48904077457754225,-1.1823942182587726,-0.945452210491398,-0.7172464925344701,-2.345892317355225
144,2017-05-01,0.37928956463436564,0.2021947889408694,0.16813707420320856,0.27371331941878707,-1.4286391880733662
144,2017-06-01,-0.37141256582351023,-0.8082800986115369,-0.7600317233638866,-0.5657221445936984,2.010517361164843
144,2017-07-01,0.6756331169446416,1.833350422820678,1.7276708239443908,1.201651970444516,4.723596694110643
144,2017-08-01,1.8219316121728486,4.678852032248278,4.661659387216176,3.241795499694512,8.415710046550352
144,2017-09-01,2.221014627395108,3.3427063451073047,3.3261466848622914,2.7735806561286998,1.329680496072383
144,2017-10-01,-0.33972097797764284,-0.37291411648861417,-0.43542376480529,-0.3875723713914664,3.5486699170302005
144,2017-11-01,1.0601702837013338,2.1268451176430436,2.2533203281774,1.6567453059393669,0.19994048719771396
144,2017-12-01,0.33214424342752613,1.7036967741405964,1.7459663660761646,1.0390553047518454,0.5360854985239083
144,2018-01-01,3.770550489762831,5.54437113241902,5.0685900919224895,4.41957029084266,3.0894556148358454
144,2018-02-01,0.6830126614030165,1.7993935950272326,2.0887365421802797,1.3858746017916481,-0.8068176709216224
144,2018-03-01,0.883578081991135,-0.47265240185124746,-0.3903818268895949,0.24659812755077004,-3.1480360142646435
144,2018-04-01,0.18091318981017893,-1.1110051280578839,-1.22334174580863,-0.5212142779992255,0.7948873587739547
144,2018-05-01,1.5275491384506714,3.094299183188749,2.5730921067114254,2.050320622581048,-0.3865150022863584
144,2018-06-01,0.4897314958795024,-0.03377028952325811,0.08372637158806417,0.2867289337337833,1.8000762900450828
144,2018-07-01,0.4364807458067221,0.9565066731154113,0.8925107404540166,0.6644957431303693,-10.03170981299969
144,2018-08-01,-0.8750841271117422,-0.08913530158658589,0.001996437621590519,-0.43654384474507585,-3.1156066185988873
144,2018-09-01,-2.3124709947165023,-3.3294175915560036,-3.2584726584814714,-2.785471826598987,-0.16347821519446804
144,2018-10-01,0.7870109255477709,3.106809081329026,2.777376473309764,1.7821936994287675,2.5047943028081
144,2018-11-01,-0.6497690327176519,-2.2315412191190402,-2.2917928888795673,-1.4707809607986095,-0.5929854462649709
144,2018-12-01,0.367299935205608,0.17415523812318456,0.0024651596376248364,0.18488254742161642,-1.6659118382114535
144,2019-01-01,0.13939697017239472,-1.0883125111220464,-1.1141109392096882,-0.48735698451864673,-1.8602663619042836
144,2019-02-01,2.8125907925894893,4.922533220467837,4.458250801471129,3.635420797030309,5.487118649997047
144,2019-03-01,1.0200982528707359,1.6088674468849824,1.8613155248170195,1.4407068888438777,2.0563673741645694
144,2019-04-01,0.23865402788469703,0.8892668496917241,1.0141680331701501,0.6264110305274235,0.4852737829687426
144,2019-05-01,-0.7943755335955306,0.43280288175215026,0.6748328620290736,-0.05977133578322852,-6.371320497736832
144,2019-06-01,-1.6277039863240694,-3.8210967068810286,-3.5537967943998585,-2.590750390361964,-2.3051804581623037
144,2019-07-01,1.0726477728163997,3.123408097599433,3.313169392106145,2.192908582461272,0.9037415364401724
144,2019-08-01,-2.2361766939183942,-1.9909768429056989,-1.7229774079218547,-1.9795770509201245,-3.8429820197835918
144,2019-09-01,-3.068455079110587,-3.4131669642344935,-3.065584293916471,-3.067019686513529,1.0676721999486993
144,2019-10-01,0.9435613976329768,1.7803889467122958,1.3615498325248356,1.1525556150789062,-0.10136493502367339
144,2019-11-01,0.15009169163983593,-0.2701880555306817,-0.25117458072977117,-0.05054144454496762,1.7148131951491008
144,2019-12-01,0.15545198955749867,1.2055800613724228,1.163467233826386,0.6594596116919423,3.8939635165023745
144,2020-01-01,2.9053870583879315,4.404651386797725,4.300054408543112,3.602720733465522,-0.8239022413464636
144,2020-02-01,-0.5199924380793469,-4.2319640375852705,-3.917560352587006,-2.2187763953331765,-5.929726997990681
144,2020-03-01,-1.6253136884357322,-3.590216744625994,-4.018303340132101,-2.8218085142839167,-8.902155071163186
144,2020-04-01,-7.072099761452205,-9.90819061353173,-9.143502896400765,-8.107801328926485,-2.3497404141019085
144,2020-05-01,1.9382979681351897,-1.7622999239880426,-1.7636096510130406,0.08734415856107458,3.7785043213031777
144,2020-06-01,3.1830940332276043,6.4561861950775326,6.830916605730331,5.007005319478967,9.669906211163482
144,2020-07-01,-1.2711148400503938,4.472785562697983,4.08897340316533,1.408929281557468,10.445256735740948
144,2020-08-01,4.275661915129486,6.0364785900925915,6.205588755704361,5.240625335416924,2.004757957295955
144,2020-09-01,2.1740009654799075,2.7455755168519054,2.6451731780882355,2.4095870717840713,2.943792398542344
144,2020-10-01,-0.9987474799515763,-1.09409381668095,-0.45308086246283796,-0.7259141712072071,0.5249072114352327
144,2020-11-01,-0.3105441019119676,0.0649100446116262,-0.04166725358533108,-0.17610567774864933,5.211137804576582
144,2020-12-01,6.453588608294458,6.730395131117893,6.6126585558495385,6.533123582071998,10.028325547918659
144,2021-01-01,5.051158254948866,6.118775179475473,6.560918120831967,5.806038187890416,2.3318621264709627
144,2021-02-01,0.44098078787864226,0.7785895912428127,1.2795775417626147,0.8602791648206285,6.089184430356043
144,2021-03-01,5.7122676783510915,4.473969239610432,5.316287724183046,5.514277701267069,6.263654009791431
144,2021-04-01,0.4902856968544316,0.8953241301573962,0.07495461141320403,0.2826201541338178,3.232508257525768
144,2021-05-01,3.2934810322418757,3.3739974215156785,3.6812057121614954,3.4873433722016856,9.603548651374538
144,2021-06-01,3.017870648082743,2.4384527196792565,2.9616130205077686,2.9897418342952555,-5.030866698031389
144,2021-07-01,-0.3923037740213474,-0.8932787851700622,-1.2267567591620852,-0.8095302665917163,-1.9243650127050649
144,2021-08-01,0.9076904423475486,0.7360900992339952,0.5981911209147857,0.7529407816311671,-0.9278757032748941
144,2021-09-01,-1.3183511791163125,-1.2439902493622728,-1.9828865044721686,-1.6506188417942407,-0.563033721158468
144,2021-10-01,-0.4851575315091199,-1.1831600550566619,-1.8402688065383512,-1.1627131690237356,3.661634719856588
144,2021-11-01,1.6592350496880224,2.3719713803201725,2.6515542680220654,2.1553946588550437,-0.4256084640973379
144,2021-12-01,0.08408992922591157,0.05080277419440993,-0.07798679643183526,0.003051566397038158,-0.7526401705700181
144,2022-01-01,2.8211145237379003,2.4345378489378953,2.50772582590761,2.664420174822755,2.288642870857416
144,2022-02-01,1.4615788499365923,2.1242036613627437,3.0959999321126994,2.2787893910246457,1.582129390506526
144,2022-03-01,4.277912410530384,4.425221922423447,4.617326458358913,4.447619434444649,3.2286018398459237
144,2022-04-01,3.213989584419086,4.344234249441454,4.5060519916053146,3.8600207880122004,-0.6361303460405754
144,2022-05-01,-2.0757627592170294,-2.901694759811062,-2.9135649992848354,-2.4946638792509326,-7.832642124866728
144,2022-06-01,0.28132418490624045,1.4747036259261361,1.563015120218096,0.9221696525621682,-3.334996343655372
144,2022-07-01,-4.170229633565798,-3.4373943361343087,-3.6458885923764917,-3.908059112971145,-16.64833160352147
144,2022-08-01,-0.14001300779309855,-0.11840045039010594,-0.4255468481727017,-0.28277992798290014,5.6880028299651775
144,2022-09-01,-1.3580487723856942,0.9311527795806238,1.1192938915638069,-0.11937744041094367,-3.6121294472092336
144,2022-10-01,-4.779317356501943,-2.675444932686498,-2.7501941216008152,-3.7647557390513793,-1.0903452545202308
144,2022-11-01,2.01484970059324,2.9863975611916977,3.0094102904734696,2.512129995533355,5.849597370035298
144,2022-12-01,6.785600202810178,8.301536969935729,8.709589003737818,7.747594603273998,4.097571217588358
144,2023-01-01,0.6641974899342927,1.5042291882565366,1.8047986593566634,1.2344980746454781,7.542510854526041
144,2023-02-01,5.007769419832303,5.005708220777598,5.284231884243314,5.1460006520378085,-0.8672693366486128
144,2023-03-01,-1.8485867014778452,-1.478469466151966,-1.7395381179170215,-1.7940624096974334,-0.9269078352832749
144,2023-04-01,0.3465960410621882,1.4991783942458308,1.4620561677183255,0.9043261043902568,-0.5639396868381552
144,2023-05-01,-1.4808088048975636,-0.555982245869874,-0.8180008496165352,-1.1494048272570494,-6.171024384864121
144,2023-06-01,-3.1286331702692327,-2.0139477300618718,-2.4656840833763374,-2.7971586268227853,1.53852568716224
144,2023-07-01,3.0897541731316744,3.0041461774371836,3.210928405144462,3.150341289138068,1.2064604157138392
144,2023-08-01,1.0140517160298637,1.925416575795837,1.912318944633225,1.4631853303315443,-1.4214685188526088
144,2023-09-01,-1.7995898762512486,-1.2424101934280172,-1.4335585152647325,-1.6165741957579907,-0.8272396518963943
144,2023-10-01,-0.2122188769297348,-0.3532514687066335,-0.41688999507709257,-0.3145544360034137,-3.808177420991876
144,2023-11-01,-1.9269313414877984,-0.9784119335912042,-1.2272823162311424,-1.5771068288594705,3.1934992430812326
144,2023-12-01,2.1417085007116254,3.245629368680425,3.1967677743857763,2.669238137548701,2.685330344491299
144,2024-01-01,2.466518685586305,2.407905380683609,2.418037817948905,2.442278251767605,-0.6255566422343817
144,2024-02-01,-2.2906559979960424,-1.599879565696766,-1.9463118654591272,-2.1184839317275848,-0.5111972863475867
144,2024-03-01,-1.172485279868285,-0.4929761258673535,-0.9010362782291432,-1.036760779048714,4.607711555138749
144,2024-04-01,2.3932463831009665,2.781500851514931,2.843795255801323,2.6185208194511445,8.675968670140243
144,2024-05-01,1.8684744052179638,1.8766964166408127,2.253686152565296,2.06108027889163,7.007376595906312
144,2024-06-01,3.126678668541947,3.2143232920419,3.266135168351414,3.1964069184466806,-4.491303609577068
144,2024-07-01,-0.8984287738013195,-1.3606891447521234,-1.7929277180538006,-1.34567824592756,-2.5718027332092497
144,2024-08-01,-0.8718809851793972,-1.18274057666578,-1.4784089067195532,-1.1751449459494752,-4.42306635721621
144,2024-09-01,-0.24204901222968864,-0.2519554721405126,-0.49369259547768063,-0.36787080385368465,3.1226770284825456
144,2024-10-01,2.6567789037881155,2.9961544371968536,3.049141960584195,2.8529604321861552,3.0233287798065556
144,2024-11-01,-1.5618411628007658,-1.7476922462901179,-2.089513882890202,-1.825677522845484,-4.872862467249039
144,2024-12-01,0.027873285055205154,-0.4377391711889137,-0.8223660321404714,-0.39724637354263315,-1.8940191554308594
144,2025-01-01,-1.8428184085325527,-1.9738318842181592,-2.152651111390844,-1.9977347599616984,0.6906245740084804
144,2025-02-01,-0.07956564771810434,0.5416795210576052,0.43204346323367177,0.17623890775778372,3.648190167989962
144,2025-03-01,1.0773671662489126,1.2696530747918073,1.3584169395890457,1.2178920529189792,4.186263087614517
144,2025-04-01,1.46694165567213,1.580727232371798,1.79683944587388,1.6318905507730048,-5.828841254754469
144,2025-05-01,-1.3027496395789864,-1.0003939964580917,-1.2298179112818894,-1.266283775430438,3.597873638344229
144,2025-06-01,1.22280297026898,1.9616448616740212,1.9227142008913738,1.572758585580177,2.2169210407022133
144,2025-07-01,1.9632906610048908,2.383592916763495,2.437936903969268,2.2006137824870793,0.48904695728220204
144,2025-08-01,-0.21062508032253346,0.19069730828870102,-0.08901067283959108,-0.14981787658106227,-0.6364980559911637
144,2025-09-01,1.6511087360343748,1.6204571562325591,1.5710324391432033,1.611070587588789,3.211438834012559
144,2025-10-01,-0.14674956625989094,0.9850520517692822,0.7913029643583929,0.32227669904925094,7.078905173003802
144,2025-11-01,2.221405198758652,1.9179259632798147,2.089456382068132,2.155430790413392,0.7147605889717967
144,2025-12-01,1.2981462878788714,0.6798047568121351,0.5483834104161807,0.923264849147526,9.18493832155798
144,2026-01-01,3.7260306458628367,3.8402159801168234,4.214460161473418,3.970245403668127,9.799232982896022
144,2026-02-01,4.825706832192957,4.672719573111446,5.027560258424543,4.92663354530875,0.22101920836286038
168,2012-03-01,0.8250041641544099,2.257814708380459,2.1337522159953877,1.4793781900748988,0.11961066291945599
168,2012-04-01,-0.5240882279636234,-0.39061731969050006,-0.551084833949097,-0.5375865309563602,-2.58012548410832
168,2012-05-01,1.3185708123419737,1.9921055009135205,1.8933516173921716,1.6059612148670728,-4.514040666505581
168,2012-06-01,-4.4596315034442116,-5.719149996996289,-5.798020494061092,-5.128825998752651,-5.557021622671265
168,2012-07-01,0.8783947469264759,1.6131168775785265,1.5355894780603914,1.2069921124934337,2.1628370138445208
168,2012-08-01,1.004539716344497,2.09177815270491,2.0368200405264716,1.5206798784354842,-0.904260258634626
168,2012-09-01,1.0802376645392149,0.9243303471803872,0.9065822576534565,0.9934099610963356,7.5441323084773915
168,2012-10-01,3.489373649401827,3.454630122824049,3.4027915597429157,3.4460826045723714,-0.33940026161006775
168,2012-11-01,0.779557098328343,1.1085819484626,0.958001766175447,0.8687794322518949,-4.3079927337777875
168,2012-12-01,0.2092789428819139,0.7809102021094043,0.6302431489378472,0.4197610459098805,3.2188126406837103
168,2013-01-01,0.9943126015657962,1.0392459932608542,1.0234950479866003,1.008903824776198,1.2906212996791844
168,2013-02-01,1.3052499945325462,1.8082498617986893,1.62401843607357,1.4646342153030583,0.21804130020457446
168,2013-03-01,-1.2423700662705588,-1.3384031288828702,-1.413655538007839,-1.3280128021391988,-5.2101323189349795
168,2013-04-01,-2.2031443545471188,-2.20111735984888,-2.242269147270572,-2.2227067509088454,-5.329308295250645
168,2013-05-01,-1.3629637700152,-1.2417178820112957,-1.38811323101801,-1.375538500516605,0.18452565065616433
168,2013-06-01,1.1997070014074702,-0.4111635040131316,-0.44883225627447243,0.3754373725664989,-3.398862776300726
168,2013-07-01,-2.7483379437502866,-1.986723464124176,-2.1878496614356457,-2.468093802592966,-1.4559368767931957
168,2013-08-01,2.7054809704150413,2.8577875990886286,2.903206827689977,2.804343899052509,4.2003723336021315
168,2013-09-01,1.8656745994600104,2.5116301754387678,2.4509863531340423,2.158330476297026,-0.572000088759661
168,2013-10-01,2.6882080658843464,4.243911343470596,3.993710480088135,3.3409592729862405,0.6631292440628211
168,2013-11-01,2.875092872774287,2.3879403125356315,2.3688579913076238,2.6219754320409554,-1.967500297054492
168,2013-12-01,0.11549068105979561,0.2625383562760788,0.22722308961298887,0.17135688533639223,2.002901345700625
168,2014-01-01,2.7382811691189444,3.3857046484651936,3.30191819409024,3.0200996816045924,0.8437246364835449
168,2014-02-01,-1.0753150546232788,-1.4341872398201692,-1.440914203252115,-1.258114628937697,-2.1928349650066625
168,2014-03-01,1.287681088664583,2.2787267931466904,2.3232014944437394,1.8054412915541613,-6.672187715665978
168,2014-04-01,-0.19949399878186974,1.2154282761560733,1.1253753558377673,0.46294067852794873,0.44685358812193154
168,2014-05-01,0.9294103744505977,1.2952179869742135,1.3350259918809804,1.1322181831657891,2.6796962914771516
168,2014-06-01,0.2769079391009867,1.653903842459806,1.663619669372871,0.9702638042369289,-0.7752922598948109
168,2014-07-01,0.7596505114719777,1.336649031754832,1.4146163041455386,1.0871334078087582,4.583005227764092
168,2014-08-01,1.5028503634525634,1.5023406540886928,1.4665667293722118,1.4847085464123877,-1.700370122022088
168,2014-09-01,-1.8411864245245766,-1.74985316197679,-1.6993284398616422,-1.7702574321931093,-1.98632217928697
168,2014-10-01,-1.7144283447075888,-2.2403060012675517,-2.213383205508236,-1.9639057751079125,-2.14743838894097
168,2014-11-01,-1.1998630934147607,-0.11521965234124631,-0.14941240598115302,-0.6746377496979569,-0.45757252725633357
168,2014-12-01,-1.8699177856053522,-3.0159939757892955,-2.884557916212634,-2.377237850908993,-4.048790641958244
168,2015-01-01,-3.020117822644656,-3.5592590767346675,-3.409924982571174,-3.215021402607915,-9.046509195385589
168,2015-02-01,-5.0957597731267255,-5.701255091791707,-5.57447832648807,-5.335119049807398,-1.782599503144977
168,2015-03-01,2.9714864762303232,3.5372288716234337,3.2889765203852095,3.1302314983077664,3.630017804207508
168,2015-04-01,-2.3378602969131155,-2.1984155554795772,-2.0740530044914185,-2.2059566507022668,1.7699861841543152
168,2015-05-01,4.505448396572896,5.424088270281731,4.90252673485946,4.703987565716178,4.354734140597483
168,2015-06-01,-1.2463702884859074,-0.8273376402246633,-0.5992343931878643,-0.9228023408368858,-7.182308622589106
168,2015-07-01,-2.6840767401542713,-2.9794880623692084,-2.552247361079793,-2.618162050617032,-6.384810340897296
168,2015-08-01,-6.4561682574701225,-6.075973904401553,-5.321105060795527,-5.888636659132825,-6.234551623676888
168,2015-09-01,-3.2973411498313157,-2.9138483493243488,-2.6192917429204905,-2.9583164463759033,1.5683017038108593
168,2015-10-01,-1.5019187256340814,-1.357992609173586,-1.315997805171282,-1.4089582654026818,0.07447868001622115
168,2015-11-01,2.3343550551758283,3.257787270078215,3.1968385404956545,2.7655967978357414,-8.128975463934218
168,2015-12-01,-4.302261932442607,-6.202680004958083,-5.374229985382188,-4.838245958912397,-2.930031121986376
168,2016-01-01,-1.3673154245808627,-2.2266976599300965,-2.0151567788128895,-1.6912361016968762,-3.588452293304878
168,2016-02-01,-5.086532942461089,-5.8629167770505015,-5.304152149283689,-5.195342545872389,2.5002660495316853
168,2016-03-01,3.6865591249292775,6.713806710498806,6.81835864495496,5.2524588849421185,7.586122051937405
168,2016-04-01,2.2016320510701024,6.935766706891175,7.022397521740954,4.6120147864055285,-1.6430937320441652
168,2016-05-01,4.082371120910921,7.696622322302196,8.080832358623153,6.081601739767037,-3.2780722281288366
168,2016-06-01,-2.1298478889116645,-4.961463658036842,-4.612148249675658,-3.3709980692936616,-1.1181770944852065
168,2016-07-01,0.05187966772218772,1.9756391783065341,2.2610799563074524,1.15647981201482,4.882842567795853
168,2016-08-01,0.37206819331830493,1.0078175635755175,1.284832252727695,0.828450223023,-2.5603109367845156
168,2016-09-01,-1.4597839217629125,-3.3175310165778367,-3.0679229223232247,-2.2638534220430686,-0.35871949784082036
168,2016-10-01,0.7802694331564088,2.6180688229034823,3.1073842294828165,1.9438268313196128,0.1941271928797672
168,2016-11-01,0.34048702522947044,1.1074396688362327,1.2311553421442132,0.7858211836868418,14.970702706335315
168,2016-12-01,1.475451299003985,5.003001062736968,5.203385111949525,3.339418205476755,3.5283826159343334
168,2017-01-01,-0.33737836002279864,-0.04107254697264151,0.3591802905159353,0.010900965246568334,1.9891835659252788
168,2017-02-01,1.9889641560982982,5.469012373779582,4.879729983738947,3.4343470699186227,3.208255431072793
168,2017-03-01,-1.2900958966989684,-0.4628375782688845,-0.4259199183697965,-0.8580079075343825,-1.7413389723282546
168,2017-04-01,-0.48904077457754225,-1.1823942182587726,-0.945452210491398,-0.7172464925344701,-2.345892317355225
168,2017-05-01,0.37928956463436564,0.2021947889408694,0.16813707420320856,0.27371331941878707,-1.4286391880733662
168,2017-06-01,-0.37141256582351023,-0.8082800986115369,-0.7600317233638866,-0.5657221445936984,2.010517361164843
168,2017-07-01,0.6756331169446416,1.833350422820678,1.7276708239443908,1.201651970444516,4.723596694110643
168,2017-08-01,1.8219316121728486,4.678852032248278,4.661659387216176,3.241795499694512,8.415710046550352
168,2017-09-01,2.221014627395108,3.3427063451073047,3.3261466848622914,2.7735806561286998,1.329680496072383
168,2017-10-01,-0.33972097797764284,-0.37291411648861417,-0.43542376480529,-0.3875723713914664,3.5486699170302005
168,2017-11-01,1.0601702837013338,2.1268451176430436,2.2533203281774,1.6567453059393669,0.19994048719771396
168,2017-12-01,0.33214424342752613,1.7036967741405964,1.7459663660761646,1.0390553047518454,0.5360854985239083
168,2018-01-01,3.770550489762831,5.54437113241902,5.0685900919224895,4.41957029084266,3.0894556148358454
168,2018-02-01,0.6830126614030165,1.7993935950272326,2.0887365421802797,1.3858746017916481,-0.8068176709216224
168,2018-03-01,0.883578081991135,-0.47265240185124746,-0.3903818268895949,0.24659812755077004,-3.1480360142646435
168,2018-04-01,0.18091318981017893,-1.1110051280578839,-1.22334174580863,-0.5212142779992255,0.7948873587739547
168,2018-05-01,1.5275491384506714,3.094299183188749,2.5730921067114254,2.050320622581048,-0.3865150022863584
168,2018-06-01,0.4897314958795024,-0.03377028952325811,0.08372637158806417,0.2867289337337833,1.8000762900450828
168,2018-07-01,0.4364807458067221,0.9565066731154113,0.8925107404540166,0.6644957431303693,-10.03170981299969
168,2018-08-01,-0.8750841271117422,-0.08913530158658589,0.001996437621590519,-0.43654384474507585,-3.1156066185988873
168,2018-09-01,-2.3124709947165023,-3.3294175915560036,-3.2584726584814714,-2.785471826598987,-0.16347821519446804
168,2018-10-01,0.7870109255477709,3.106809081329026,2.777376473309764,1.7821936994287675,2.5047943028081
168,2018-11-01,-0.6497690327176519,-2.2315412191190402,-2.2917928888795673,-1.4707809607986095,-0.5929854462649709
168,2018-12-01,0.367299935205608,0.17415523812318456,0.0024651596376248364,0.18488254742161642,-1.6659118382114535
168,2019-01-01,0.13939697017239472,-1.0883125111220464,-1.1141109392096882,-0.48735698451864673,-1.8602663619042836
168,2019-02-01,2.8125907925894893,4.922533220467837,4.458250801471129,3.635420797030309,5.487118649997047
168,2019-03-01,1.0200982528707359,1.6088674468849824,1.8613155248170195,1.4407068888438777,2.0563673741645694
168,2019-04-01,0.23865402788469703,0.8892668496917241,1.0141680331701501,0.6264110305274235,0.4852737829687426
168,2019-05-01,-0.7943755335955306,0.43280288175215026,0.6748328620290736,-0.05977133578322852,-6.371320497736832
168,2019-06-01,-1.6277039863240694,-3.8210967068810286,-3.5537967943998585,-2.590750390361964,-2.3051804581623037
168,2019-07-01,1.0726477728163997,3.123408097599433,3.313169392106145,2.192908582461272,0.9037415364401724
168,2019-08-01,-2.2361766939183942,-1.9909768429056989,-1.7229774079218547,-1.9795770509201245,-3.8429820197835918
168,2019-09-01,-3.068455079110587,-3.4131669642344935,-3.065584293916471,-3.067019686513529,1.0676721999486993
168,2019-10-01,0.9435613976329768,1.7803889467122958,1.3615498325248356,1.1525556150789062,-0.10136493502367339
168,2019-11-01,0.15009169163983593,-0.2701880555306817,-0.25117458072977117,-0.05054144454496762,1.7148131951491008
168,2019-12-01,0.15545198955749867,1.2055800613724228,1.163467233826386,0.6594596116919423,3.8939635165023745
168,2020-01-01,2.9053870583879315,4.404651386797725,4.300054408543112,3.602720733465522,-0.8239022413464636
168,2020-02-01,-0.5199924380793469,-4.2319640375852705,-3.917560352587006,-2.2187763953331765,-5.929726997990681
168,2020-03-01,-1.6253136884357322,-3.590216744625994,-4.018303340132101,-2.8218085142839167,-8.902155071163186
168,2020-04-01,-7.072099761452205,-9.90819061353173,-9.143502896400765,-8.107801328926485,-2.3497404141019085
168,2020-05-01,1.9382979681351897,-1.7622999239880426,-1.7636096510130406,0.08734415856107458,3.7785043213031777
168,2020-06-01,3.1830940332276043,6.4561861950775326,6.830916605730331,5.007005319478967,9.669906211163482
168,2020-07-01,-1.2711148400503938,4.472785562697983,4.08897340316533,1.408929281557468,10.445256735740948
168,2020-08-01,4.275661915129486,6.0364785900925915,6.205588755704361,5.240625335416924,2.004757957295955
168,2020-09-01,2.1740009654799075,2.7455755168519054,2.6451731780882355,2.4095870717840713,2.943792398542344
168,2020-10-01,-0.9987474799515763,-1.09409381668095,-0.45308086246283796,-0.7259141712072071,0.5249072114352327
168,2020-11-01,-0.3105441019119676,0.0649100446116262,-0.04166725358533108,-0.17610567774864933,5.211137804576582
168,2020-12-01,6.453588608294458,6.730395131117893,6.6126585558495385,6.533123582071998,10.028325547918659
168,2021-01-01,5.051158254948866,6.118775179475473,6.560918120831967,5.806038187890416,2.3318621264709627
168,2021-02-01,0.44098078787864226,0.7785895912428127,1.2795775417626147,0.8602791648206285,6.089184430356043
168,2021-03-01,5.7122676783510915,4.473969239610432,5.316287724183046,5.514277701267069,6.263654009791431
168,2021-04-01,0.4902856968544316,0.8953241301573962,0.07495461141320403,0.2826201541338178,3.232508257525768
168,2021-05-01,3.2934810322418757,3.3739974215156785,3.6812057121614954,3.4873433722016856,9.603548651374538
168,2021-06-01,3.017870648082743,2.4384527196792565,2.9616130205077686,2.9897418342952555,-5.030866698031389
168,2021-07-01,-0.3923037740213474,-0.8932787851700622,-1.2267567591620852,-0.8095302665917163,-1.9243650127050649
168,2021-08-01,0.9076904423475486,0.7360900992339952,0.5981911209147857,0.7529407816311671,-0.9278757032748941
168,2021-09-01,-1.3183511791163125,-1.2439902493622728,-1.9828865044721686,-1.6506188417942407,-0.563033721158468
168,2021-10-01,-0.4851575315091199,-1.1831600550566619,-1.8402688065383512,-1.1627131690237356,3.661634719856588
168,2021-11-01,1.6592350496880224,2.3719713803201725,2.6515542680220654,2.1553946588550437,-0.4256084640973379
168,2021-12-01,0.08408992922591157,0.05080277419440993,-0.07798679643183526,0.003051566397038158,-0.7526401705700181
168,2022-01-01,2.8211145237379003,2.4345378489378953,2.50772582590761,2.664420174822755,2.288642870857416
168,2022-02-01,1.4615788499365923,2.1242036613627437,3.0959999321126994,2.2787893910246457,1.582129390506526
168,2022-03-01,4.277912410530384,4.425221922423447,4.617326458358913,4.447619434444649,3.2286018398459237
168,2022-04-01,3.213989584419086,4.344234249441454,4.5060519916053146,3.8600207880122004,-0.6361303460405754
168,2022-05-01,-2.0757627592170294,-2.901694759811062,-2.9135649992848354,-2.4946638792509326,-7.832642124866728
168,2022-06-01,0.28132418490624045,1.4747036259261361,1.563015120218096,0.9221696525621682,-3.334996343655372
168,2022-07-01,-4.170229633565798,-3.4373943361343087,-3.6458885923764917,-3.908059112971145,-16.64833160352147
168,2022-08-01,-0.14001300779309855,-0.11840045039010594,-0.4255468481727017,-0.28277992798290014,5.6880028299651775
168,2022-09-01,-1.3580487723856942,0.9311527795806238,1.1192938915638069,-0.11937744041094367,-3.6121294472092336
168,2022-10-01,-4.779317356501943,-2.675444932686498,-2.7501941216008152,-3.7647557390513793,-1.0903452545202308
168,2022-11-01,2.01484970059324,2.9863975611916977,3.0094102904734696,2.512129995533355,5.849597370035298
168,2022-12-01,6.785600202810178,8.301536969935729,8.709589003737818,7.747594603273998,4.097571217588358
168,2023-01-01,0.6641974899342927,1.5042291882565366,1.8047986593566634,1.2344980746454781,7.542510854526041
168,2023-02-01,5.007769419832303,5.005708220777598,5.284231884243314,5.1460006520378085,-0.8672693366486128
168,2023-03-01,-1.8485867014778452,-1.478469466151966,-1.7395381179170215,-1.7940624096974334,-0.9269078352832749
168,2023-04-01,0.3465960410621882,1.4991783942458308,1.4620561677183255,0.9043261043902568,-0.5639396868381552
168,2023-05-01,-1.4808088048975636,-0.555982245869874,-0.8180008496165352,-1.1494048272570494,-6.171024384864121
168,2023-06-01,-3.1286331702692327,-2.0139477300618718,-2.4656840833763374,-2.7971586268227853,1.53852568716224
168,2023-07-01,3.0897541731316744,3.0041461774371836,3.210928405144462,3.150341289138068,1.2064604157138392
168,2023-08-01,1.0140517160298637,1.925416575795837,1.912318944633225,1.4631853303315443,-1.4214685188526088
168,2023-09-01,-1.7995898762512486,-1.2424101934280172,-1.4335585152647325,-1.6165741957579907,-0.8272396518963943
168,2023-10-01,-0.2122188769297348,-0.3532514687066335,-0.41688999507709257,-0.3145544360034137,-3.808177420991876
168,2023-11-01,-1.9269313414877984,-0.9784119335912042,-1.2272823162311424,-1.5771068288594705,3.1934992430812326
168,2023-12-01,2.1417085007116254,3.245629368680425,3.1967677743857763,2.669238137548701,2.685330344491299
168,2024-01-01,2.466518685586305,2.407905380683609,2.418037817948905,2.442278251767605,-0.6255566422343817
168,2024-02-01,-2.2906559979960424,-1.599879565696766,-1.9463118654591272,-2.1184839317275848,-0.5111972863475867
168,2024-03-01,-1.172485279868285,-0.4929761258673535,-0.9010362782291432,-1.036760779048714,4.607711555138749
168,2024-04-01,2.3932463831009665,2.781500851514931,2.843795255801323,2.6185208194511445,8.675968670140243
168,2024-05-01,1.8684744052179638,1.8766964166408127,2.253686152565296,2.06108027889163,7.007376595906312
168,2024-06-01,3.126678668541947,3.2143232920419,3.266135168351414,3.1964069184466806,-4.491303609577068
168,2024-07-01,-0.8984287738013195,-1.3606891447521234,-1.7929277180538006,-1.34567824592756,-2.5718027332092497
168,2024-08-01,-0.8718809851793972,-1.18274057666578,-1.4784089067195532,-1.1751449459494752,-4.42306635721621
168,2024-09-01,-0.24204901222968864,-0.2519554721405126,-0.49369259547768063,-0.36787080385368465,3.1226770284825456
168,2024-10-01,2.6567789037881155,2.9961544371968536,3.049141960584195,2.8529604321861552,3.0233287798065556
168,2024-11-01,-1.5618411628007658,-1.7476922462901179,-2.089513882890202,-1.825677522845484,-4.872862467249039
168,2024-12-01,0.027873285055205154,-0.4377391711889137,-0.8223660321404714,-0.39724637354263315,-1.8940191554308594
168,2025-01-01,-1.8428184085325527,-1.9738318842181592,-2.152651111390844,-1.9977347599616984,0.6906245740084804
168,2025-02-01,-0.07956564771810434,0.5416795210576052,0.43204346323367177,0.17623890775778372,3.648190167989962
168,2025-03-01,1.0773671662489126,1.2696530747918073,1.3584169395890457,1.2178920529189792,4.186263087614517
168,2025-04-01,1.46694165567213,1.580727232371798,1.79683944587388,1.6318905507730048,-5.828841254754469
168,2025-05-01,-1.3027496395789864,-1.0003939964580917,-1.2298179112818894,-1.266283775430438,3.597873638344229
168,2025-06-01,1.22280297026898,1.9616448616740212,1.9227142008913738,1.572758585580177,2.2169210407022133
168,2025-07-01,1.9632906610048908,2.383592916763495,2.437936903969268,2.2006137824870793,0.48904695728220204
168,2025-08-01,-0.21062508032253346,0.19069730828870102,-0.08901067283959108,-0.14981787658106227,-0.6364980559911637
168,2025-09-01,1.6511087360343748,1.6204571562325591,1.5710324391432033,1.611070587588789,3.211438834012559
168,2025-10-01,-0.14674956625989094,0.9850520517692822,0.7913029643583929,0.32227669904925094,7.078905173003802
168,2025-11-01,2.221405198758652,1.9179259632798147,2.089456382068132,2.155430790413392,0.7147605889717967
168,2025-12-01,1.2981462878788714,0.6798047568121351,0.5483834104161807,0.923264849147526,9.18493832155798
168,2026-01-01,3.7260306458628367,3.8402159801168234,4.214460161473418,3.970245403668127,9.799232982896022
168,2026-02-01,4.825706832192957,4.672719573111446,5.027560258424543,4.92663354530875,0.22101920836286038
180,2013-03-01,-1.2423700662705588,-1.3384031288828702,-1.413655538007839,-1.3280128021391988,-5.2101323189349795
180,2013-04-01,-2.2031443545471188,-2.20111735984888,-2.242269147270572,-2.2227067509088454,-5.329308295250645
180,2013-05-01,-1.3629637700152,-1.2417178820112957,-1.38811323101801,-1.375538500516605,0.18452565065616433
180,2013-06-01,1.1997070014074702,-0.4111635040131316,-0.44883225627447243,0.3754373725664989,-3.398862776300726
180,2013-07-01,-2.7483379437502866,-1.986723464124176,-2.1878496614356457,-2.468093802592966,-1.4559368767931957
180,2013-08-01,2.7054809704150413,2.8577875990886286,2.903206827689977,2.804343899052509,4.2003723336021315
180,2013-09-01,1.8656745994600104,2.5116301754387678,2.4509863531340423,2.158330476297026,-0.572000088759661
180,2013-10-01,2.6882080658843464,4.243911343470596,3.993710480088135,3.3409592729862405,0.6631292440628211
180,2013-11-01,2.875092872774287,2.3879403125356315,2.3688579913076238,2.6219754320409554,-1.967500297054492
180,2013-12-01,0.11549068105979561,0.2625383562760788,0.22722308961298887,0.17135688533639223,2.002901345700625
180,2014-01-01,2.7382811691189444,3.3857046484651936,3.30191819409024,3.0200996816045924,0.8437246364835449
180,2014-02-01,-1.0753150546232788,-1.4341872398201692,-1.440914203252115,-1.258114628937697,-2.1928349650066625
180,2014-03-01,1.287681088664583,2.2787267931466904,2.3232014944437394,1.8054412915541613,-6.672187715665978
180,2014-04-01,-0.19949399878186974,1.2154282761560733,1.1253753558377673,0.46294067852794873,0.44685358812193154
180,2014-05-01,0.9294103744505977,1.2952179869742135,1.3350259918809804,1.1322181831657891,2.6796962914771516
180,2014-06-01,0.2769079391009867,1.653903842459806,1.663619669372871,0.9702638042369289,-0.7752922598948109
180,2014-07-01,0.7596505114719777,1.336649031754832,1.4146163041455386,1.0871334078087582,4.583005227764092
180,2014-08-01,1.5028503634525634,1.5023406540886928,1.4665667293722118,1.4847085464123877,-1.700370122022088
180,2014-09-01,-1.8411864245245766,-1.74985316197679,-1.6993284398616422,-1.7702574321931093,-1.98632217928697
180,2014-10-01,-1.7144283447075888,-2.2403060012675517,-2.213383205508236,-1.9639057751079125,-2.14743838894097
180,2014-11-01,-1.1998630934147607,-0.11521965234124631,-0.14941240598115302,-0.6746377496979569,-0.45757252725633357
180,2014-12-01,-1.8699177856053522,-3.0159939757892955,-2.884557916212634,-2.377237850908993,-4.048790641958244
180,2015-01-01,-3.020117822644656,-3.5592590767346675,-3.409924982571174,-3.215021402607915,-9.046509195385589
180,2015-02-01,-5.0957597731267255,-5.701255091791707,-5.57447832648807,-5.335119049807398,-1.782599503144977
180,2015-03-01,2.9714864762303232,3.5372288716234337,3.2889765203852095,3.1302314983077664,3.630017804207508
180,2015-04-01,-2.3378602969131155,-2.1984155554795772,-2.0740530044914185,-2.2059566507022668,1.7699861841543152
180,2015-05-01,4.505448396572896,5.424088270281731,4.90252673485946,4.703987565716178,4.354734140597483
180,2015-06-01,-1.2463702884859074,-0.8273376402246633,-0.5992343931878643,-0.9228023408368858,-7.182308622589106
180,2015-07-01,-2.6840767401542713,-2.9794880623692084,-2.552247361079793,-2.618162050617032,-6.384810340897296
180,2015-08-01,-6.4561682574701225,-6.075973904401553,-5.321105060795527,-5.888636659132825,-6.234551623676888
180,2015-09-01,-3.2973411498313157,-2.9138483493243488,-2.6192917429204905,-2.9583164463759033,1.5683017038108593
180,2015-10-01,-1.5019187256340814,-1.357992609173586,-1.315997805171282,-1.4089582654026818,0.07447868001622115
180,2015-11-01,2.3343550551758283,3.257787270078215,3.1968385404956545,2.7655967978357414,-8.128975463934218
180,2015-12-01,-4.302261932442607,-6.202680004958083,-5.374229985382188,-4.838245958912397,-2.930031121986376
180,2016-01-01,-1.3673154245808627,-2.2266976599300965,-2.0151567788128895,-1.6912361016968762,-3.588452293304878
180,2016-02-01,-5.086532942461089,-5.8629167770505015,-5.304152149283689,-5.195342545872389,2.5002660495316853
180,2016-03-01,3.6865591249292775,6.713806710498806,6.81835864495496,5.2524588849421185,7.586122051937405
180,2016-04-01,2.2016320510701024,6.935766706891175,7.022397521740954,4.6120147864055285,-1.6430937320441652
180,2016-05-01,4.082371120910921,7.696622322302196,8.080832358623153,6.081601739767037,-3.2780722281288366
180,2016-06-01,-2.1298478889116645,-4.961463658036842,-4.612148249675658,-3.3709980692936616,-1.1181770944852065
180,2016-07-01,0.05187966772218772,1.9756391783065341,2.2610799563074524,1.15647981201482,4.882842567795853
180,2016-08-01,0.37206819331830493,1.0078175635755175,1.284832252727695,0.828450223023,-2.5603109367845156
180,2016-09-01,-1.4597839217629125,-3.3175310165778367,-3.0679229223232247,-2.2638534220430686,-0.35871949784082036
180,2016-10-01,0.7802694331564088,2.6180688229034823,3.1073842294828165,1.9438268313196128,0.1941271928797672
180,2016-11-01,0.34048702522947044,1.1074396688362327,1.2311553421442132,0.7858211836868418,14.970702706335315
180,2016-12-01,1.475451299003985,5.003001062736968,5.203385111949525,3.339418205476755,3.5283826159343334
180,2017-01-01,-0.33737836002279864,-0.04107254697264151,0.3591802905159353,0.010900965246568334,1.9891835659252788
180,2017-02-01,1.9889641560982982,5.469012373779582,4.879729983738947,3.4343470699186227,3.208255431072793
180,2017-03-01,-1.2900958966989684,-0.4628375782688845,-0.4259199183697965,-0.8580079075343825,-1.7413389723282546
180,2017-04-01,-0.48904077457754225,-1.1823942182587726,-0.945452210491398,-0.7172464925344701,-2.345892317355225
180,2017-05-01,0.37928956463436564,0.2021947889408694,0.16813707420320856,0.27371331941878707,-1.4286391880733662
180,2017-06-01,-0.37141256582351023,-0.8082800986115369,-0.7600317233638866,-0.5657221445936984,2.010517361164843
180,2017-07-01,0.6756331169446416,1.833350422820678,1.7276708239443908,1.201651970444516,4.723596694110643
180,2017-08-01,1.8219316121728486,4.678852032248278,4.661659387216176,3.241795499694512,8.415710046550352
180,2017-09-01,2.221014627395108,3.3427063451073047,3.3261466848622914,2.7735806561286998,1.329680496072383
180,2017-10-01,-0.33972097797764284,-0.37291411648861417,-0.43542376480529,-0.3875723713914664,3.5486699170302005
180,2017-11-01,1.0601702837013338,2.1268451176430436,2.2533203281774,1.6567453059393669,0.19994048719771396
180,2017-12-01,0.33214424342752613,1.7036967741405964,1.7459663660761646,1.0390553047518454,0.5360854985239083
180,2018-01-01,3.770550489762831,5.54437113241902,5.0685900919224895,4.41957029084266,3.0894556148358454
180,2018-02-01,0.6830126614030165,1.7993935950272326,2.0887365421802797,1.3858746017916481,-0.8068176709216224
180,2018-03-01,0.883578081991135,-0.47265240185124746,-0.3903818268895949,0.24659812755077004,-3.1480360142646435
180,2018-04-01,0.18091318981017893,-1.1110051280578839,-1.22334174580863,-0.5212142779992255,0.7948873587739547
180,2018-05-01,1.5275491384506714,3.094299183188749,2.5730921067114254,2.050320622581048,-0.3865150022863584
180,2018-06-01,0.4897314958795024,-0.03377028952325811,0.08372637158806417,0.2867289337337833,1.8000762900450828
180,2018-07-01,0.4364807458067221,0.9565066731154113,0.8925107404540166,0.6644957431303693,-10.03170981299969
180,2018-08-01,-0.8750841271117422,-0.08913530158658589,0.001996437621590519,-0.43654384474507585,-3.1156066185988873
180,2018-09-01,-2.3124709947165023,-3.3294175915560036,-3.2584726584814714,-2.785471826598987,-0.16347821519446804
180,2018-10-01,0.7870109255477709,3.106809081329026,2.777376473309764,1.7821936994287675,2.5047943028081
180,2018-11-01,-0.6497690327176519,-2.2315412191190402,-2.2917928888795673,-1.4707809607986095,-0.5929854462649709
180,2018-12-01,0.367299935205608,0.17415523812318456,0.0024651596376248364,0.18488254742161642,-1.6659118382114535
180,2019-01-01,0.13939697017239472,-1.0883125111220464,-1.1141109392096882,-0.48735698451864673,-1.8602663619042836
180,2019-02-01,2.8125907925894893,4.922533220467837,4.458250801471129,3.635420797030309,5.487118649997047
180,2019-03-01,1.0200982528707359,1.6088674468849824,1.8613155248170195,1.4407068888438777,2.0563673741645694
180,2019-04-01,0.23865402788469703,0.8892668496917241,1.0141680331701501,0.6264110305274235,0.4852737829687426
180,2019-05-01,-0.7943755335955306,0.43280288175215026,0.6748328620290736,-0.05977133578322852,-6.371320497736832
180,2019-06-01,-1.6277039863240694,-3.8210967068810286,-3.5537967943998585,-2.590750390361964,-2.3051804581623037
180,2019-07-01,1.0726477728163997,3.123408097599433,3.313169392106145,2.192908582461272,0.9037415364401724
180,2019-08-01,-2.2361766939183942,-1.9909768429056989,-1.7229774079218547,-1.9795770509201245,-3.8429820197835918
180,2019-09-01,-3.068455079110587,-3.4131669642344935,-3.065584293916471,-3.067019686513529,1.0676721999486993
180,2019-10-01,0.9435613976329768,1.7803889467122958,1.3615498325248356,1.1525556150789062,-0.10136493502367339
180,2019-11-01,0.15009169163983593,-0.2701880555306817,-0.25117458072977117,-0.05054144454496762,1.7148131951491008
180,2019-12-01,0.15545198955749867,1.2055800613724228,1.163467233826386,0.6594596116919423,3.8939635165023745
180,2020-01-01,2.9053870583879315,4.404651386797725,4.300054408543112,3.602720733465522,-0.8239022413464636
180,2020-02-01,-0.5199924380793469,-4.2319640375852705,-3.917560352587006,-2.2187763953331765,-5.929726997990681
180,2020-03-01,-1.6253136884357322,-3.590216744625994,-4.018303340132101,-2.8218085142839167,-8.902155071163186
180,2020-04-01,-7.072099761452205,-9.90819061353173,-9.143502896400765,-8.107801328926485,-2.3497404141019085
180,2020-05-01,1.9382979681351897,-1.7622999239880426,-1.7636096510130406,0.08734415856107458,3.7785043213031777
180,2020-06-01,3.1830940332276043,6.4561861950775326,6.830916605730331,5.007005319478967,9.669906211163482
180,2020-07-01,-1.2711148400503938,4.472785562697983,4.08897340316533,1.408929281557468,10.445256735740948
180,2020-08-01,4.275661915129486,6.0364785900925915,6.205588755704361,5.240625335416924,2.004757957295955
180,2020-09-01,2.1740009654799075,2.7455755168519054,2.6451731780882355,2.4095870717840713,2.943792398542344
180,2020-10-01,-0.9987474799515763,-1.09409381668095,-0.45308086246283796,-0.7259141712072071,0.5249072114352327
180,2020-11-01,-0.3105441019119676,0.0649100446116262,-0.04166725358533108,-0.17610567774864933,5.211137804576582
180,2020-12-01,6.453588608294458,6.730395131117893,6.6126585558495385,6.533123582071998,10.028325547918659
180,2021-01-01,5.051158254948866,6.118775179475473,6.560918120831967,5.806038187890416,2.3318621264709627
180,2021-02-01,0.44098078787864226,0.7785895912428127,1.2795775417626147,0.8602791648206285,6.089184430356043
180,2021-03-01,5.7122676783510915,4.473969239610432,5.316287724183046,5.514277701267069,6.263654009791431
180,2021-04-01,0.4902856968544316,0.8953241301573962,0.07495461141320403,0.2826201541338178,3.232508257525768
180,2021-05-01,3.2934810322418757,3.3739974215156785,3.6812057121614954,3.4873433722016856,9.603548651374538
180,2021-06-01,3.017870648082743,2.4384527196792565,2.9616130205077686,2.9897418342952555,-5.030866698031389
180,2021-07-01,-0.3923037740213474,-0.8932787851700622,-1.2267567591620852,-0.8095302665917163,-1.9243650127050649
180,2021-08-01,0.9076904423475486,0.7360900992339952,0.5981911209147857,0.7529407816311671,-0.9278757032748941
180,2021-09-01,-1.3183511791163125,-1.2439902493622728,-1.9828865044721686,-1.6506188417942407,-0.563033721158468
180,2021-10-01,-0.4851575315091199,-1.1831600550566619,-1.8402688065383512,-1.1627131690237356,3.661634719856588
180,2021-11-01,1.6592350496880224,2.3719713803201725,2.6515542680220654,2.1553946588550437,-0.4256084640973379
180,2021-12-01,0.08408992922591157,0.05080277419440993,-0.07798679643183526,0.003051566397038158,-0.7526401705700181
180,2022-01-01,2.8211145237379003,2.4345378489378953,2.50772582590761,2.664420174822755,2.288642870857416
180,2022-02-01,1.4615788499365923,2.1242036613627437,3.0959999321126994,2.2787893910246457,1.582129390506526
180,2022-03-01,4.277912410530384,4.425221922423447,4.617326458358913,4.447619434444649,3.2286018398459237
180,2022-04-01,3.213989584419086,4.344234249441454,4.5060519916053146,3.8600207880122004,-0.6361303460405754
180,2022-05-01,-2.0757627592170294,-2.901694759811062,-2.9135649992848354,-2.4946638792509326,-7.832642124866728
180,2022-06-01,0.28132418490624045,1.4747036259261361,1.563015120218096,0.9221696525621682,-3.334996343655372
180,2022-07-01,-4.170229633565798,-3.4373943361343087,-3.6458885923764917,-3.908059112971145,-16.64833160352147
180,2022-08-01,-0.14001300779309855,-0.11840045039010594,-0.4255468481727017,-0.28277992798290014,5.6880028299651775
180,2022-09-01,-1.3580487723856942,0.9311527795806238,1.1192938915638069,-0.11937744041094367,-3.6121294472092336
180,2022-10-01,-4.779317356501943,-2.675444932686498,-2.7501941216008152,-3.7647557390513793,-1.0903452545202308
180,2022-11-01,2.01484970059324,2.9863975611916977,3.0094102904734696,2.512129995533355,5.849597370035298
180,2022-12-01,6.785600202810178,8.301536969935729,8.709589003737818,7.747594603273998,4.097571217588358
180,2023-01-01,0.6641974899342927,1.5042291882565366,1.8047986593566634,1.2344980746454781,7.542510854526041
180,2023-02-01,5.007769419832303,5.005708220777598,5.284231884243314,5.1460006520378085,-0.8672693366486128
180,2023-03-01,-1.8485867014778452,-1.478469466151966,-1.7395381179170215,-1.7940624096974334,-0.9269078352832749
180,2023-04-01,0.3465960410621882,1.4991783942458308,1.4620561677183255,0.9043261043902568,-0.5639396868381552
180,2023-05-01,-1.4808088048975636,-0.555982245869874,-0.8180008496165352,-1.1494048272570494,-6.171024384864121
180,2023-06-01,-3.1286331702692327,-2.0139477300618718,-2.4656840833763374,-2.7971586268227853,1.53852568716224
180,2023-07-01,3.0897541731316744,3.0041461774371836,3.210928405144462,3.150341289138068,1.2064604157138392
180,2023-08-01,1.0140517160298637,1.925416575795837,1.912318944633225,1.4631853303315443,-1.4214685188526088
180,2023-09-01,-1.7995898762512486,-1.2424101934280172,-1.4335585152647325,-1.6165741957579907,-0.8272396518963943
180,2023-10-01,-0.2122188769297348,-0.3532514687066335,-0.41688999507709257,-0.3145544360034137,-3.808177420991876
180,2023-11-01,-1.9269313414877984,-0.9784119335912042,-1.2272823162311424,-1.5771068288594705,3.1934992430812326
180,2023-12-01,2.1417085007116254,3.245629368680425,3.1967677743857763,2.669238137548701,2.685330344491299
180,2024-01-01,2.466518685586305,2.407905380683609,2.418037817948905,2.442278251767605,-0.6255566422343817
180,2024-02-01,-2.2906559979960424,-1.599879565696766,-1.9463118654591272,-2.1184839317275848,-0.5111972863475867
180,2024-03-01,-1.172485279868285,-0.4929761258673535,-0.9010362782291432,-1.036760779048714,4.607711555138749
180,2024-04-01,2.3932463831009665,2.781500851514931,2.843795255801323,2.6185208194511445,8.675968670140243
180,2024-05-01,1.8684744052179638,1.8766964166408127,2.253686152565296,2.06108027889163,7.007376595906312
180,2024-06-01,3.126678668541947,3.2143232920419,3.266135168351414,3.1964069184466806,-4.491303609577068
180,2024-07-01,-0.8984287738013195,-1.3606891447521234,-1.7929277180538006,-1.34567824592756,-2.5718027332092497
180,2024-08-01,-0.8718809851793972,-1.18274057666578,-1.4784089067195532,-1.1751449459494752,-4.42306635721621
180,2024-09-01,-0.24204901222968864,-0.2519554721405126,-0.49369259547768063,-0.36787080385368465,3.1226770284825456
180,2024-10-01,2.6567789037881155,2.9961544371968536,3.049141960584195,2.8529604321861552,3.0233287798065556
180,2024-11-01,-1.5618411628007658,-1.7476922462901179,-2.089513882890202,-1.825677522845484,-4.872862467249039
180,2024-12-01,0.027873285055205154,-0.4377391711889137,-0.8223660321404714,-0.39724637354263315,-1.8940191554308594
180,2025-01-01,-1.8428184085325527,-1.9738318842181592,-2.152651111390844,-1.9977347599616984,0.6906245740084804
180,2025-02-01,-0.07956564771810434,0.5416795210576052,0.43204346323367177,0.17623890775778372,3.648190167989962
180,2025-03-01,1.0773671662489126,1.2696530747918073,1.3584169395890457,1.2178920529189792,4.186263087614517
180,2025-04-01,1.46694165567213,1.580727232371798,1.79683944587388,1.6318905507730048,-5.828841254754469
180,2025-05-01,-1.3027496395789864,-1.0003939964580917,-1.2298179112818894,-1.266283775430438,3.597873638344229
180,2025-06-01,1.22280297026898,1.9616448616740212,1.9227142008913738,1.572758585580177,2.2169210407022133
180,2025-07-01,1.9632906610048908,2.383592916763495,2.437936903969268,2.2006137824870793,0.48904695728220204
180,2025-08-01,-0.21062508032253346,0.19069730828870102,-0.08901067283959108,-0.14981787658106227,-0.6364980559911637
180,2025-09-01,1.6511087360343748,1.6204571562325591,1.5710324391432033,1.611070587588789,3.211438834012559
180,2025-10-01,-0.14674956625989094,0.9850520517692822,0.7913029643583929,0.32227669904925094,7.078905173003802
180,2025-11-01,2.221405198758652,1.9179259632798147,2.089456382068132,2.155430790413392,0.7147605889717967
180,2025-12-01,1.2981462878788714,0.6798047568121351,0.5483834104161807,0.923264849147526,9.18493832155798
180,2026-01-01,3.7260306458628367,3.8402159801168234,4.214460161473418,3.970245403668127,9.799232982896022
180,2026-02-01,4.825706832192957,4.672719573111446,5.027560258424543,4.92663354530875,0.22101920836286038
